<?xml version="1.0" encoding="UTF-8"?>
<export version="E">
  <design>
    <source>C:\Users\jhorw\OneDrive\Documents\Projects\DIY Reflow Oven\control_board\control_board.kicad_sch</source>
    <date>4/23/2023 5:13:51 PM</date>
    <tool>Eeschema (6.0.5)</tool>
    <sheet number="1" name="/" tstamps="/">
      <title_block>
        <title/>
        <company/>
        <rev/>
        <date/>
        <source>control_board.kicad_sch</source>
        <comment number="1" value=""/>
        <comment number="2" value=""/>
        <comment number="3" value=""/>
        <comment number="4" value=""/>
        <comment number="5" value=""/>
        <comment number="6" value=""/>
        <comment number="7" value=""/>
        <comment number="8" value=""/>
        <comment number="9" value=""/>
      </title_block>
    </sheet>
  </design>
  <components>
    <comp ref="BT1">
      <value>PRT13851</value>
      <footprint>Battery:BatteryHolder_Keystone_2468_2xAAA</footprint>
      <libsource lib="Device" part="Battery_Cell" description="Single-cell battery"/>
      <property name="Sheetname" value=""/>
      <property name="Sheetfile" value="control_board.kicad_sch"/>
      <sheetpath names="/" tstamps="/"/>
      <tstamps>c35cd8e2-2842-4420-aecf-ee819f6d0a12</tstamps>
    </comp>
    <comp ref="C1">
      <value>100n</value>
      <footprint>Capacitor_SMD:C_0603_1608Metric_Pad1.08x0.95mm_HandSolder</footprint>
      <libsource lib="Device" part="C" description="Unpolarized capacitor"/>
      <property name="Sheetname" value=""/>
      <property name="Sheetfile" value="control_board.kicad_sch"/>
      <sheetpath names="/" tstamps="/"/>
      <tstamps>8874c8a1-8873-42ff-b266-ed3e81262a14</tstamps>
    </comp>
    <comp ref="C2">
      <value>100n</value>
      <footprint>Capacitor_SMD:C_0603_1608Metric_Pad1.08x0.95mm_HandSolder</footprint>
      <libsource lib="Device" part="C" description="Unpolarized capacitor"/>
      <property name="Sheetname" value=""/>
      <property name="Sheetfile" value="control_board.kicad_sch"/>
      <sheetpath names="/" tstamps="/"/>
      <tstamps>da157f4b-5a3e-4d20-a59f-28a846c3ce1c</tstamps>
    </comp>
    <comp ref="C3">
      <value>100n</value>
      <footprint>Capacitor_SMD:C_0603_1608Metric_Pad1.08x0.95mm_HandSolder</footprint>
      <libsource lib="Device" part="C" description="Unpolarized capacitor"/>
      <property name="Sheetname" value=""/>
      <property name="Sheetfile" value="control_board.kicad_sch"/>
      <sheetpath names="/" tstamps="/"/>
      <tstamps>71689436-0f15-4845-8636-dc28cf2c21ea</tstamps>
    </comp>
    <comp ref="C4">
      <value>100n</value>
      <footprint>Capacitor_SMD:C_0603_1608Metric_Pad1.08x0.95mm_HandSolder</footprint>
      <libsource lib="Device" part="C" description="Unpolarized capacitor"/>
      <property name="Sheetname" value=""/>
      <property name="Sheetfile" value="control_board.kicad_sch"/>
      <sheetpath names="/" tstamps="/"/>
      <tstamps>f88bb4f1-0474-4c89-934d-b51fab07860a</tstamps>
    </comp>
    <comp ref="C5">
      <value>100n</value>
      <footprint>Capacitor_SMD:C_0603_1608Metric_Pad1.08x0.95mm_HandSolder</footprint>
      <libsource lib="Device" part="C" description="Unpolarized capacitor"/>
      <property name="Sheetname" value=""/>
      <property name="Sheetfile" value="control_board.kicad_sch"/>
      <sheetpath names="/" tstamps="/"/>
      <tstamps>3ee9fe6e-dfaf-4adc-9a75-d6a4f6210985</tstamps>
    </comp>
    <comp ref="C6">
      <value>100n</value>
      <footprint>Capacitor_SMD:C_0603_1608Metric_Pad1.08x0.95mm_HandSolder</footprint>
      <libsource lib="Device" part="C" description="Unpolarized capacitor"/>
      <property name="Sheetname" value=""/>
      <property name="Sheetfile" value="control_board.kicad_sch"/>
      <sheetpath names="/" tstamps="/"/>
      <tstamps>d1c5d60b-3a2d-4e37-affa-eec114022c06</tstamps>
    </comp>
    <comp ref="C7">
      <value>100n</value>
      <footprint>Capacitor_SMD:C_0603_1608Metric_Pad1.08x0.95mm_HandSolder</footprint>
      <libsource lib="Device" part="C" description="Unpolarized capacitor"/>
      <property name="Sheetname" value=""/>
      <property name="Sheetfile" value="control_board.kicad_sch"/>
      <sheetpath names="/" tstamps="/"/>
      <tstamps>a973791f-eeaa-418e-b2f7-e67fae15fb79</tstamps>
    </comp>
    <comp ref="C8">
      <value>100n</value>
      <footprint>Capacitor_SMD:C_0603_1608Metric_Pad1.08x0.95mm_HandSolder</footprint>
      <libsource lib="Device" part="C" description="Unpolarized capacitor"/>
      <property name="Sheetname" value=""/>
      <property name="Sheetfile" value="control_board.kicad_sch"/>
      <sheetpath names="/" tstamps="/"/>
      <tstamps>0d42ef62-6852-42c1-94a7-3d30e2ba274d</tstamps>
    </comp>
    <comp ref="C9">
      <value>100n</value>
      <footprint>Capacitor_SMD:C_0603_1608Metric_Pad1.08x0.95mm_HandSolder</footprint>
      <libsource lib="Device" part="C" description="Unpolarized capacitor"/>
      <property name="Sheetname" value=""/>
      <property name="Sheetfile" value="control_board.kicad_sch"/>
      <sheetpath names="/" tstamps="/"/>
      <tstamps>b1cd350d-e335-4cdd-8916-30a54e6ea69c</tstamps>
    </comp>
    <comp ref="C10">
      <value>1u</value>
      <footprint>Capacitor_SMD:C_0603_1608Metric_Pad1.08x0.95mm_HandSolder</footprint>
      <libsource lib="Device" part="C" description="Unpolarized capacitor"/>
      <property name="Sheetname" value=""/>
      <property name="Sheetfile" value="control_board.kicad_sch"/>
      <sheetpath names="/" tstamps="/"/>
      <tstamps>cd7fd469-4042-4f5a-911c-da1646b7ef39</tstamps>
    </comp>
    <comp ref="C11">
      <value>1u</value>
      <footprint>Capacitor_SMD:C_0603_1608Metric_Pad1.08x0.95mm_HandSolder</footprint>
      <libsource lib="Device" part="C" description="Unpolarized capacitor"/>
      <property name="Sheetname" value=""/>
      <property name="Sheetfile" value="control_board.kicad_sch"/>
      <sheetpath names="/" tstamps="/"/>
      <tstamps>6c3b27ab-ad3e-4966-a90f-315ef538c44f</tstamps>
    </comp>
    <comp ref="C12">
      <value>27p</value>
      <footprint>Capacitor_SMD:C_0603_1608Metric_Pad1.08x0.95mm_HandSolder</footprint>
      <libsource lib="Device" part="C" description="Unpolarized capacitor"/>
      <property name="Sheetname" value=""/>
      <property name="Sheetfile" value="control_board.kicad_sch"/>
      <sheetpath names="/" tstamps="/"/>
      <tstamps>7be01664-5309-449f-8bd6-39b3eb1f05fe</tstamps>
    </comp>
    <comp ref="C13">
      <value>27p</value>
      <footprint>Capacitor_SMD:C_0603_1608Metric_Pad1.08x0.95mm_HandSolder</footprint>
      <libsource lib="Device" part="C" description="Unpolarized capacitor"/>
      <property name="Sheetname" value=""/>
      <property name="Sheetfile" value="control_board.kicad_sch"/>
      <sheetpath names="/" tstamps="/"/>
      <tstamps>a0a752e4-1abf-4a5b-85fb-badb06a1b555</tstamps>
    </comp>
    <comp ref="C14">
      <value>0.1u</value>
      <footprint>Capacitor_SMD:C_0603_1608Metric_Pad1.08x0.95mm_HandSolder</footprint>
      <libsource lib="Device" part="C" description="Unpolarized capacitor"/>
      <property name="Sheetname" value=""/>
      <property name="Sheetfile" value="control_board.kicad_sch"/>
      <sheetpath names="/" tstamps="/"/>
      <tstamps>9f9a461a-0cff-4a3b-90f1-fe3fbbf25556</tstamps>
    </comp>
    <comp ref="C15">
      <value>100nF</value>
      <footprint>Capacitor_SMD:C_0603_1608Metric_Pad1.08x0.95mm_HandSolder</footprint>
      <libsource lib="Device" part="C" description="Unpolarized capacitor"/>
      <property name="Sheetname" value=""/>
      <property name="Sheetfile" value="control_board.kicad_sch"/>
      <sheetpath names="/" tstamps="/"/>
      <tstamps>84f883ab-146c-430b-9be4-2483ed30907a</tstamps>
    </comp>
    <comp ref="C16">
      <value>100nF</value>
      <footprint>Capacitor_SMD:C_0603_1608Metric_Pad1.08x0.95mm_HandSolder</footprint>
      <libsource lib="Device" part="C" description="Unpolarized capacitor"/>
      <property name="Sheetname" value=""/>
      <property name="Sheetfile" value="control_board.kicad_sch"/>
      <sheetpath names="/" tstamps="/"/>
      <tstamps>ebb08b77-1184-459a-9697-ed9da8002d28</tstamps>
    </comp>
    <comp ref="C17">
      <value>0.1u</value>
      <footprint>Capacitor_SMD:C_0603_1608Metric_Pad1.08x0.95mm_HandSolder</footprint>
      <libsource lib="Device" part="C" description="Unpolarized capacitor"/>
      <property name="Sheetname" value=""/>
      <property name="Sheetfile" value="control_board.kicad_sch"/>
      <sheetpath names="/" tstamps="/"/>
      <tstamps>654e1ac4-5d94-473a-8fc3-2b3e694efc84</tstamps>
    </comp>
    <comp ref="C18">
      <value>10u</value>
      <footprint>Capacitor_SMD:C_0603_1608Metric_Pad1.08x0.95mm_HandSolder</footprint>
      <libsource lib="Device" part="C" description="Unpolarized capacitor"/>
      <property name="Sheetname" value=""/>
      <property name="Sheetfile" value="control_board.kicad_sch"/>
      <sheetpath names="/" tstamps="/"/>
      <tstamps>7c98886b-c567-4246-9d3d-777c9600cd36</tstamps>
    </comp>
    <comp ref="C19">
      <value>10u</value>
      <footprint>Capacitor_SMD:C_0603_1608Metric_Pad1.08x0.95mm_HandSolder</footprint>
      <libsource lib="Device" part="C" description="Unpolarized capacitor"/>
      <property name="Sheetname" value=""/>
      <property name="Sheetfile" value="control_board.kicad_sch"/>
      <sheetpath names="/" tstamps="/"/>
      <tstamps>a427f109-372b-4a9b-a293-f6e294fcd39f</tstamps>
    </comp>
    <comp ref="C20">
      <value>10u</value>
      <footprint>Capacitor_SMD:C_0603_1608Metric_Pad1.08x0.95mm_HandSolder</footprint>
      <libsource lib="Device" part="C" description="Unpolarized capacitor"/>
      <property name="Sheetname" value=""/>
      <property name="Sheetfile" value="control_board.kicad_sch"/>
      <sheetpath names="/" tstamps="/"/>
      <tstamps>fb46f058-9278-44cd-8b80-e9e0a3af13ce</tstamps>
    </comp>
    <comp ref="C21">
      <value>10uF</value>
      <footprint>Capacitor_SMD:C_0603_1608Metric_Pad1.08x0.95mm_HandSolder</footprint>
      <libsource lib="Device" part="C" description="Unpolarized capacitor"/>
      <property name="Sheetname" value=""/>
      <property name="Sheetfile" value="control_board.kicad_sch"/>
      <sheetpath names="/" tstamps="/"/>
      <tstamps>da43705d-27b7-4d81-8b8b-0494ceb0517b</tstamps>
    </comp>
    <comp ref="C22">
      <value>10uF</value>
      <footprint>Capacitor_SMD:C_0603_1608Metric_Pad1.08x0.95mm_HandSolder</footprint>
      <libsource lib="Device" part="C" description="Unpolarized capacitor"/>
      <property name="Sheetname" value=""/>
      <property name="Sheetfile" value="control_board.kicad_sch"/>
      <sheetpath names="/" tstamps="/"/>
      <tstamps>c8179456-8293-4798-9fa0-5951028bdb33</tstamps>
    </comp>
    <comp ref="D1">
      <value>WS2812</value>
      <footprint>LED_SMD:LED_WS2812_PLCC6_5.0x5.0mm_P1.6mm</footprint>
      <datasheet>https://cdn-shop.adafruit.com/datasheets/WS2812.pdf</datasheet>
      <libsource lib="LED" part="WS2812" description="RGB LED with integrated controller"/>
      <property name="Sheetname" value=""/>
      <property name="Sheetfile" value="control_board.kicad_sch"/>
      <sheetpath names="/" tstamps="/"/>
      <tstamps>c2a87290-36f8-4fa1-b3a1-98e10c5c2012</tstamps>
    </comp>
    <comp ref="D2">
      <value>WS2812</value>
      <footprint>LED_SMD:LED_WS2812_PLCC6_5.0x5.0mm_P1.6mm</footprint>
      <datasheet>https://cdn-shop.adafruit.com/datasheets/WS2812.pdf</datasheet>
      <libsource lib="LED" part="WS2812" description="RGB LED with integrated controller"/>
      <property name="Sheetname" value=""/>
      <property name="Sheetfile" value="control_board.kicad_sch"/>
      <sheetpath names="/" tstamps="/"/>
      <tstamps>dfaaa677-49fb-417e-9cc6-2f071e80f341</tstamps>
    </comp>
    <comp ref="D3">
      <value>WS2812</value>
      <footprint>LED_SMD:LED_WS2812_PLCC6_5.0x5.0mm_P1.6mm</footprint>
      <datasheet>https://cdn-shop.adafruit.com/datasheets/WS2812.pdf</datasheet>
      <libsource lib="LED" part="WS2812" description="RGB LED with integrated controller"/>
      <property name="Sheetname" value=""/>
      <property name="Sheetfile" value="control_board.kicad_sch"/>
      <sheetpath names="/" tstamps="/"/>
      <tstamps>7112c5d6-c6d6-4a72-8f12-5e4df7c097e5</tstamps>
    </comp>
    <comp ref="D4">
      <value>WS2812</value>
      <footprint>LED_SMD:LED_WS2812_PLCC6_5.0x5.0mm_P1.6mm</footprint>
      <datasheet>https://cdn-shop.adafruit.com/datasheets/WS2812.pdf</datasheet>
      <libsource lib="LED" part="WS2812" description="RGB LED with integrated controller"/>
      <property name="Sheetname" value=""/>
      <property name="Sheetfile" value="control_board.kicad_sch"/>
      <sheetpath names="/" tstamps="/"/>
      <tstamps>1bb697c8-6e5b-4959-ac11-9fd275105eae</tstamps>
    </comp>
    <comp ref="D5">
      <value>WS2812</value>
      <footprint>LED_SMD:LED_WS2812_PLCC6_5.0x5.0mm_P1.6mm</footprint>
      <datasheet>https://cdn-shop.adafruit.com/datasheets/WS2812.pdf</datasheet>
      <libsource lib="LED" part="WS2812" description="RGB LED with integrated controller"/>
      <property name="Sheetname" value=""/>
      <property name="Sheetfile" value="control_board.kicad_sch"/>
      <sheetpath names="/" tstamps="/"/>
      <tstamps>e2a1e697-3f46-4b3d-96e6-95fdc8df805e</tstamps>
    </comp>
    <comp ref="D6">
      <value>WS2812</value>
      <footprint>LED_SMD:LED_WS2812_PLCC6_5.0x5.0mm_P1.6mm</footprint>
      <datasheet>https://cdn-shop.adafruit.com/datasheets/WS2812.pdf</datasheet>
      <libsource lib="LED" part="WS2812" description="RGB LED with integrated controller"/>
      <property name="Sheetname" value=""/>
      <property name="Sheetfile" value="control_board.kicad_sch"/>
      <sheetpath names="/" tstamps="/"/>
      <tstamps>cc3c5b45-d536-429e-ae5d-7fc90001895f</tstamps>
    </comp>
    <comp ref="D7">
      <value>WS2812</value>
      <footprint>LED_SMD:LED_WS2812_PLCC6_5.0x5.0mm_P1.6mm</footprint>
      <datasheet>https://cdn-shop.adafruit.com/datasheets/WS2812.pdf</datasheet>
      <libsource lib="LED" part="WS2812" description="RGB LED with integrated controller"/>
      <property name="Sheetname" value=""/>
      <property name="Sheetfile" value="control_board.kicad_sch"/>
      <sheetpath names="/" tstamps="/"/>
      <tstamps>62d0714c-5b7d-4e32-af23-4436d660c0c7</tstamps>
    </comp>
    <comp ref="D8">
      <value>WS2812</value>
      <footprint>LED_SMD:LED_WS2812_PLCC6_5.0x5.0mm_P1.6mm</footprint>
      <datasheet>https://cdn-shop.adafruit.com/datasheets/WS2812.pdf</datasheet>
      <libsource lib="LED" part="WS2812" description="RGB LED with integrated controller"/>
      <property name="Sheetname" value=""/>
      <property name="Sheetfile" value="control_board.kicad_sch"/>
      <sheetpath names="/" tstamps="/"/>
      <tstamps>d6fd2c8c-5d5b-4fb3-86d4-42ff42333a04</tstamps>
    </comp>
    <comp ref="D9">
      <value>WS2812</value>
      <footprint>LED_SMD:LED_WS2812_PLCC6_5.0x5.0mm_P1.6mm</footprint>
      <datasheet>https://cdn-shop.adafruit.com/datasheets/WS2812.pdf</datasheet>
      <libsource lib="LED" part="WS2812" description="RGB LED with integrated controller"/>
      <property name="Sheetname" value=""/>
      <property name="Sheetfile" value="control_board.kicad_sch"/>
      <sheetpath names="/" tstamps="/"/>
      <tstamps>675abcea-d4f4-4464-bea6-88d4d9d4d947</tstamps>
    </comp>
    <comp ref="D10">
      <value>WS2812</value>
      <footprint>LED_SMD:LED_WS2812_PLCC6_5.0x5.0mm_P1.6mm</footprint>
      <datasheet>https://cdn-shop.adafruit.com/datasheets/WS2812.pdf</datasheet>
      <libsource lib="LED" part="WS2812" description="RGB LED with integrated controller"/>
      <property name="Sheetname" value=""/>
      <property name="Sheetfile" value="control_board.kicad_sch"/>
      <sheetpath names="/" tstamps="/"/>
      <tstamps>ef6c3f07-e7a9-40ef-b626-3a7d999aec9f</tstamps>
    </comp>
    <comp ref="D11">
      <value>WS2812</value>
      <footprint>LED_SMD:LED_WS2812_PLCC6_5.0x5.0mm_P1.6mm</footprint>
      <datasheet>https://cdn-shop.adafruit.com/datasheets/WS2812.pdf</datasheet>
      <libsource lib="LED" part="WS2812" description="RGB LED with integrated controller"/>
      <property name="Sheetname" value=""/>
      <property name="Sheetfile" value="control_board.kicad_sch"/>
      <sheetpath names="/" tstamps="/"/>
      <tstamps>dc57771c-2720-4403-9702-2c2ec1e88e7d</tstamps>
    </comp>
    <comp ref="D12">
      <value>WS2812</value>
      <footprint>LED_SMD:LED_WS2812_PLCC6_5.0x5.0mm_P1.6mm</footprint>
      <datasheet>https://cdn-shop.adafruit.com/datasheets/WS2812.pdf</datasheet>
      <libsource lib="LED" part="WS2812" description="RGB LED with integrated controller"/>
      <property name="Sheetname" value=""/>
      <property name="Sheetfile" value="control_board.kicad_sch"/>
      <sheetpath names="/" tstamps="/"/>
      <tstamps>7de7af9b-e856-4942-bf47-402ec08a34f9</tstamps>
    </comp>
    <comp ref="D13">
      <value>WS2812</value>
      <footprint>LED_SMD:LED_WS2812_PLCC6_5.0x5.0mm_P1.6mm</footprint>
      <datasheet>https://cdn-shop.adafruit.com/datasheets/WS2812.pdf</datasheet>
      <libsource lib="LED" part="WS2812" description="RGB LED with integrated controller"/>
      <property name="Sheetname" value=""/>
      <property name="Sheetfile" value="control_board.kicad_sch"/>
      <sheetpath names="/" tstamps="/"/>
      <tstamps>d8e8aa56-93e5-4ccf-a1f9-da2022c27dc3</tstamps>
    </comp>
    <comp ref="D14">
      <value>WS2812</value>
      <footprint>LED_SMD:LED_WS2812_PLCC6_5.0x5.0mm_P1.6mm</footprint>
      <datasheet>https://cdn-shop.adafruit.com/datasheets/WS2812.pdf</datasheet>
      <libsource lib="LED" part="WS2812" description="RGB LED with integrated controller"/>
      <property name="Sheetname" value=""/>
      <property name="Sheetfile" value="control_board.kicad_sch"/>
      <sheetpath names="/" tstamps="/"/>
      <tstamps>dff17cd1-b437-430b-9994-ff1f094cb2a2</tstamps>
    </comp>
    <comp ref="D15">
      <value>WS2812</value>
      <footprint>LED_SMD:LED_WS2812_PLCC6_5.0x5.0mm_P1.6mm</footprint>
      <datasheet>https://cdn-shop.adafruit.com/datasheets/WS2812.pdf</datasheet>
      <libsource lib="LED" part="WS2812" description="RGB LED with integrated controller"/>
      <property name="Sheetname" value=""/>
      <property name="Sheetfile" value="control_board.kicad_sch"/>
      <sheetpath names="/" tstamps="/"/>
      <tstamps>3e1f56f5-acbd-40de-858f-1dce2d698907</tstamps>
    </comp>
    <comp ref="D16">
      <value>WS2812</value>
      <footprint>LED_SMD:LED_WS2812_PLCC6_5.0x5.0mm_P1.6mm</footprint>
      <datasheet>https://cdn-shop.adafruit.com/datasheets/WS2812.pdf</datasheet>
      <libsource lib="LED" part="WS2812" description="RGB LED with integrated controller"/>
      <property name="Sheetname" value=""/>
      <property name="Sheetfile" value="control_board.kicad_sch"/>
      <sheetpath names="/" tstamps="/"/>
      <tstamps>ab444c17-4cb4-491c-af00-dd31feae8a2f</tstamps>
    </comp>
    <comp ref="D17">
      <value>WS2812</value>
      <footprint>LED_SMD:LED_WS2812_PLCC6_5.0x5.0mm_P1.6mm</footprint>
      <datasheet>https://cdn-shop.adafruit.com/datasheets/WS2812.pdf</datasheet>
      <libsource lib="LED" part="WS2812" description="RGB LED with integrated controller"/>
      <property name="Sheetname" value=""/>
      <property name="Sheetfile" value="control_board.kicad_sch"/>
      <sheetpath names="/" tstamps="/"/>
      <tstamps>0dd2010b-bc85-4499-bf25-0f6bc83b2115</tstamps>
    </comp>
    <comp ref="D18">
      <value>WS2812</value>
      <footprint>LED_SMD:LED_WS2812_PLCC6_5.0x5.0mm_P1.6mm</footprint>
      <datasheet>https://cdn-shop.adafruit.com/datasheets/WS2812.pdf</datasheet>
      <libsource lib="LED" part="WS2812" description="RGB LED with integrated controller"/>
      <property name="Sheetname" value=""/>
      <property name="Sheetfile" value="control_board.kicad_sch"/>
      <sheetpath names="/" tstamps="/"/>
      <tstamps>9ea3569d-7a8b-47f5-a84e-a011cf7f7e62</tstamps>
    </comp>
    <comp ref="D19">
      <value>WS2812</value>
      <footprint>LED_SMD:LED_WS2812_PLCC6_5.0x5.0mm_P1.6mm</footprint>
      <datasheet>https://cdn-shop.adafruit.com/datasheets/WS2812.pdf</datasheet>
      <libsource lib="LED" part="WS2812" description="RGB LED with integrated controller"/>
      <property name="Sheetname" value=""/>
      <property name="Sheetfile" value="control_board.kicad_sch"/>
      <sheetpath names="/" tstamps="/"/>
      <tstamps>a4895569-80c2-44ec-b7fd-88590d48fec1</tstamps>
    </comp>
    <comp ref="D20">
      <value>WS2812</value>
      <footprint>LED_SMD:LED_WS2812_PLCC6_5.0x5.0mm_P1.6mm</footprint>
      <datasheet>https://cdn-shop.adafruit.com/datasheets/WS2812.pdf</datasheet>
      <libsource lib="LED" part="WS2812" description="RGB LED with integrated controller"/>
      <property name="Sheetname" value=""/>
      <property name="Sheetfile" value="control_board.kicad_sch"/>
      <sheetpath names="/" tstamps="/"/>
      <tstamps>925839c7-3568-4ea0-896b-5711d7f9fe1d</tstamps>
    </comp>
    <comp ref="D21">
      <value>WS2812</value>
      <footprint>LED_SMD:LED_WS2812_PLCC6_5.0x5.0mm_P1.6mm</footprint>
      <datasheet>https://cdn-shop.adafruit.com/datasheets/WS2812.pdf</datasheet>
      <libsource lib="LED" part="WS2812" description="RGB LED with integrated controller"/>
      <property name="Sheetname" value=""/>
      <property name="Sheetfile" value="control_board.kicad_sch"/>
      <sheetpath names="/" tstamps="/"/>
      <tstamps>f5e29e0e-2054-4123-8da9-4078dded29c4</tstamps>
    </comp>
    <comp ref="D22">
      <value>WS2812</value>
      <footprint>LED_SMD:LED_WS2812_PLCC6_5.0x5.0mm_P1.6mm</footprint>
      <datasheet>https://cdn-shop.adafruit.com/datasheets/WS2812.pdf</datasheet>
      <libsource lib="LED" part="WS2812" description="RGB LED with integrated controller"/>
      <property name="Sheetname" value=""/>
      <property name="Sheetfile" value="control_board.kicad_sch"/>
      <sheetpath names="/" tstamps="/"/>
      <tstamps>95681710-ab14-4dda-b69a-80b969fdca05</tstamps>
    </comp>
    <comp ref="D23">
      <value>WS2812</value>
      <footprint>LED_SMD:LED_WS2812_PLCC6_5.0x5.0mm_P1.6mm</footprint>
      <datasheet>https://cdn-shop.adafruit.com/datasheets/WS2812.pdf</datasheet>
      <libsource lib="LED" part="WS2812" description="RGB LED with integrated controller"/>
      <property name="Sheetname" value=""/>
      <property name="Sheetfile" value="control_board.kicad_sch"/>
      <sheetpath names="/" tstamps="/"/>
      <tstamps>2235f1b7-e957-4184-b63d-b2ce05a9278c</tstamps>
    </comp>
    <comp ref="D24">
      <value>WS2812</value>
      <footprint>LED_SMD:LED_WS2812_PLCC6_5.0x5.0mm_P1.6mm</footprint>
      <datasheet>https://cdn-shop.adafruit.com/datasheets/WS2812.pdf</datasheet>
      <libsource lib="LED" part="WS2812" description="RGB LED with integrated controller"/>
      <property name="Sheetname" value=""/>
      <property name="Sheetfile" value="control_board.kicad_sch"/>
      <sheetpath names="/" tstamps="/"/>
      <tstamps>c83a12d8-7b90-47ef-ae56-7036b3544428</tstamps>
    </comp>
    <comp ref="D25">
      <value>WS2812</value>
      <footprint>LED_SMD:LED_WS2812_PLCC6_5.0x5.0mm_P1.6mm</footprint>
      <datasheet>https://cdn-shop.adafruit.com/datasheets/WS2812.pdf</datasheet>
      <libsource lib="LED" part="WS2812" description="RGB LED with integrated controller"/>
      <property name="Sheetname" value=""/>
      <property name="Sheetfile" value="control_board.kicad_sch"/>
      <sheetpath names="/" tstamps="/"/>
      <tstamps>77bf39b3-04b9-4fb1-92dc-e810844d287b</tstamps>
    </comp>
    <comp ref="D26">
      <value>D</value>
      <footprint>Diode_SMD:D_0603_1608Metric_Pad1.05x0.95mm_HandSolder</footprint>
      <libsource lib="Device" part="D" description="Diode"/>
      <property name="Sheetname" value=""/>
      <property name="Sheetfile" value="control_board.kicad_sch"/>
      <sheetpath names="/" tstamps="/"/>
      <tstamps>a74de782-71c4-4862-a6b5-c0bf67419145</tstamps>
    </comp>
    <comp ref="D27">
      <value>D</value>
      <footprint>Diode_SMD:D_0603_1608Metric_Pad1.05x0.95mm_HandSolder</footprint>
      <libsource lib="Device" part="D" description="Diode"/>
      <property name="Sheetname" value=""/>
      <property name="Sheetfile" value="control_board.kicad_sch"/>
      <sheetpath names="/" tstamps="/"/>
      <tstamps>a109abbd-e5e0-49c4-8f91-5e939d2a271b</tstamps>
    </comp>
    <comp ref="H1">
      <value>MountingHole</value>
      <footprint>MountingHole:MountingHole_2.1mm</footprint>
      <libsource lib="Mechanical" part="MountingHole" description="Mounting Hole without connection"/>
      <property name="Sheetname" value=""/>
      <property name="Sheetfile" value="control_board.kicad_sch"/>
      <sheetpath names="/" tstamps="/"/>
      <tstamps>4c1c3fa0-d761-493e-91c9-2cf9c69e3f6e</tstamps>
    </comp>
    <comp ref="H2">
      <value>MountingHole</value>
      <footprint>MountingHole:MountingHole_2.1mm</footprint>
      <libsource lib="Mechanical" part="MountingHole" description="Mounting Hole without connection"/>
      <property name="Sheetname" value=""/>
      <property name="Sheetfile" value="control_board.kicad_sch"/>
      <sheetpath names="/" tstamps="/"/>
      <tstamps>2e7784f7-9ad1-4d85-a3f5-308686adb763</tstamps>
    </comp>
    <comp ref="H3">
      <value>MountingHole</value>
      <footprint>MountingHole:MountingHole_2.1mm</footprint>
      <libsource lib="Mechanical" part="MountingHole" description="Mounting Hole without connection"/>
      <property name="Sheetname" value=""/>
      <property name="Sheetfile" value="control_board.kicad_sch"/>
      <sheetpath names="/" tstamps="/"/>
      <tstamps>3651535b-1bef-44ff-bd5b-de269d24851f</tstamps>
    </comp>
    <comp ref="H4">
      <value>MountingHole</value>
      <footprint>MountingHole:MountingHole_2.1mm</footprint>
      <libsource lib="Mechanical" part="MountingHole" description="Mounting Hole without connection"/>
      <property name="Sheetname" value=""/>
      <property name="Sheetfile" value="control_board.kicad_sch"/>
      <sheetpath names="/" tstamps="/"/>
      <tstamps>57c30a62-9a83-4b01-8c8d-997f02c12d88</tstamps>
    </comp>
    <comp ref="J1">
      <value>Conn_01x06</value>
      <footprint>Connector_PinHeader_2.54mm:PinHeader_1x06_P2.54mm_Vertical</footprint>
      <libsource lib="Connector_Generic" part="Conn_01x06" description="Generic connector, single row, 01x06, script generated (kicad-library-utils/schlib/autogen/connector/)"/>
      <property name="Sheetname" value=""/>
      <property name="Sheetfile" value="control_board.kicad_sch"/>
      <sheetpath names="/" tstamps="/"/>
      <tstamps>ce4b5866-4d8c-4c47-a2da-1245d56230b5</tstamps>
    </comp>
    <comp ref="J2">
      <value>Conn_01x04</value>
      <footprint>Connector_PinHeader_2.54mm:PinHeader_1x04_P2.54mm_Vertical</footprint>
      <libsource lib="Connector_Generic" part="Conn_01x04" description="Generic connector, single row, 01x04, script generated (kicad-library-utils/schlib/autogen/connector/)"/>
      <property name="Sheetname" value=""/>
      <property name="Sheetfile" value="control_board.kicad_sch"/>
      <sheetpath names="/" tstamps="/"/>
      <tstamps>842fb3f8-ef0d-414d-9085-82e2b90bace2</tstamps>
    </comp>
    <comp ref="J3">
      <value>SWD</value>
      <footprint>Connector_PinHeader_2.54mm:PinHeader_1x03_P2.54mm_Vertical</footprint>
      <libsource lib="Connector_Generic" part="Conn_01x03" description="Generic connector, single row, 01x03, script generated (kicad-library-utils/schlib/autogen/connector/)"/>
      <property name="Sheetname" value=""/>
      <property name="Sheetfile" value="control_board.kicad_sch"/>
      <sheetpath names="/" tstamps="/"/>
      <tstamps>be052559-45dd-417c-bc76-d56d1a21b9b0</tstamps>
    </comp>
    <comp ref="J4">
      <value>USB_B_Micro</value>
      <footprint>Connectors:Amphenol_MicroB_10118193</footprint>
      <datasheet>https://www.digikey.com/en/products/detail/amphenol-cs-fci/10118193-0001LF/2785388</datasheet>
      <libsource lib="Connector" part="USB_B_Micro" description="USB Micro Type B connector"/>
      <property name="Sheetname" value=""/>
      <property name="Sheetfile" value="control_board.kicad_sch"/>
      <sheetpath names="/" tstamps="/"/>
      <tstamps>5f347fd8-4988-4611-add0-314399485ce2</tstamps>
    </comp>
    <comp ref="J5">
      <value>Conn_01x02</value>
      <footprint>Connector_PinHeader_2.54mm:PinHeader_1x02_P2.54mm_Vertical</footprint>
      <libsource lib="Connector_Generic" part="Conn_01x02" description="Generic connector, single row, 01x02, script generated (kicad-library-utils/schlib/autogen/connector/)"/>
      <property name="Sheetname" value=""/>
      <property name="Sheetfile" value="control_board.kicad_sch"/>
      <sheetpath names="/" tstamps="/"/>
      <tstamps>d354ae39-2217-4443-a57f-701ae1f99ec6</tstamps>
    </comp>
    <comp ref="L1">
      <value>2.2uH</value>
      <footprint>Buttons:Inductor_NRS5024T2R2NMGJ</footprint>
      <libsource lib="Device" part="L" description="Inductor"/>
      <property name="Sheetname" value=""/>
      <property name="Sheetfile" value="control_board.kicad_sch"/>
      <sheetpath names="/" tstamps="/"/>
      <tstamps>b119a1b1-d673-4bbf-a201-a644842804e5</tstamps>
    </comp>
    <comp ref="R1">
      <value>27.4</value>
      <footprint>Resistor_SMD:R_0805_2012Metric_Pad1.20x1.40mm_HandSolder</footprint>
      <libsource lib="Device" part="R" description="Resistor"/>
      <property name="Sheetname" value=""/>
      <property name="Sheetfile" value="control_board.kicad_sch"/>
      <sheetpath names="/" tstamps="/"/>
      <tstamps>fea9786c-b8d4-42cd-8515-50814e1bac2d</tstamps>
    </comp>
    <comp ref="R2">
      <value>27.4</value>
      <footprint>Resistor_SMD:R_0805_2012Metric_Pad1.20x1.40mm_HandSolder</footprint>
      <libsource lib="Device" part="R" description="Resistor"/>
      <property name="Sheetname" value=""/>
      <property name="Sheetfile" value="control_board.kicad_sch"/>
      <sheetpath names="/" tstamps="/"/>
      <tstamps>793691a8-d3f9-4406-8c15-ad6960abd7f0</tstamps>
    </comp>
    <comp ref="R3">
      <value>1k</value>
      <footprint>Resistor_SMD:R_0805_2012Metric_Pad1.20x1.40mm_HandSolder</footprint>
      <libsource lib="Device" part="R" description="Resistor"/>
      <property name="Sheetname" value=""/>
      <property name="Sheetfile" value="control_board.kicad_sch"/>
      <sheetpath names="/" tstamps="/"/>
      <tstamps>534ae3c1-7739-4537-b361-b771ff269e44</tstamps>
    </comp>
    <comp ref="R4">
      <value>10k</value>
      <footprint>Resistor_SMD:R_0805_2012Metric_Pad1.20x1.40mm_HandSolder</footprint>
      <libsource lib="Device" part="R" description="Resistor"/>
      <property name="Sheetname" value=""/>
      <property name="Sheetfile" value="control_board.kicad_sch"/>
      <sheetpath names="/" tstamps="/"/>
      <tstamps>3a9c9885-ed26-436b-8e8a-6fbe711a0a68</tstamps>
    </comp>
    <comp ref="R5">
      <value>10k</value>
      <footprint>Resistor_SMD:R_0805_2012Metric_Pad1.20x1.40mm_HandSolder</footprint>
      <libsource lib="Device" part="R" description="Resistor"/>
      <property name="Sheetname" value=""/>
      <property name="Sheetfile" value="control_board.kicad_sch"/>
      <sheetpath names="/" tstamps="/"/>
      <tstamps>4aa6fa5b-947d-47bb-8d03-ee3ef24e25b7</tstamps>
    </comp>
    <comp ref="R6">
      <value>10k</value>
      <footprint>Resistor_SMD:R_0805_2012Metric_Pad1.20x1.40mm_HandSolder</footprint>
      <libsource lib="Device" part="R" description="Resistor"/>
      <property name="Sheetname" value=""/>
      <property name="Sheetfile" value="control_board.kicad_sch"/>
      <sheetpath names="/" tstamps="/"/>
      <tstamps>59e5f42c-6c4b-4a80-a5ad-2f7ca4b729c4</tstamps>
    </comp>
    <comp ref="R7">
      <value>10k</value>
      <footprint>Resistor_SMD:R_0805_2012Metric_Pad1.20x1.40mm_HandSolder</footprint>
      <libsource lib="Device" part="R" description="Resistor"/>
      <property name="Sheetname" value=""/>
      <property name="Sheetfile" value="control_board.kicad_sch"/>
      <sheetpath names="/" tstamps="/"/>
      <tstamps>b7d604df-e63a-4f90-896f-ddb28e961d85</tstamps>
    </comp>
    <comp ref="R8">
      <value>1k</value>
      <footprint>Resistor_SMD:R_0805_2012Metric_Pad1.20x1.40mm_HandSolder</footprint>
      <libsource lib="Device" part="R" description="Resistor"/>
      <property name="Sheetname" value=""/>
      <property name="Sheetfile" value="control_board.kicad_sch"/>
      <sheetpath names="/" tstamps="/"/>
      <tstamps>32269485-d19a-4aa0-804c-f78892fc7ab7</tstamps>
    </comp>
    <comp ref="R9">
      <value>10k</value>
      <footprint>Resistor_SMD:R_0805_2012Metric_Pad1.20x1.40mm_HandSolder</footprint>
      <libsource lib="Device" part="R" description="Resistor"/>
      <property name="Sheetname" value=""/>
      <property name="Sheetfile" value="control_board.kicad_sch"/>
      <sheetpath names="/" tstamps="/"/>
      <tstamps>9ded9cb2-d5b2-4190-93c9-70bd5326b447</tstamps>
    </comp>
    <comp ref="SW1">
      <value>BOOTSEL</value>
      <footprint>Buttons:PTS636 6.0x3.5 Button</footprint>
      <libsource lib="Switch" part="SW_DIP_x01" description="1x DIP Switch, Single Pole Single Throw (SPST) switch, small symbol"/>
      <property name="Sheetname" value=""/>
      <property name="Sheetfile" value="control_board.kicad_sch"/>
      <sheetpath names="/" tstamps="/"/>
      <tstamps>010d84ef-71ac-4d58-8a0f-7e1981c2f227</tstamps>
    </comp>
    <comp ref="U1">
      <value>RP2040</value>
      <footprint>Raspberry Pi:QFN-56_EP_7.75x7.75_Pitch0.4mm</footprint>
      <datasheet>https://datasheets.raspberrypi.com/rp2040/rp2040-datasheet.pdf</datasheet>
      <fields>
        <field name="Hardware Guide">https://datasheets.raspberrypi.com/rp2040/hardware-design-with-rp2040.pdf</field>
      </fields>
      <libsource lib="Raspberry Pi" part="RP2040" description=""/>
      <property name="Hardware Guide" value="https://datasheets.raspberrypi.com/rp2040/hardware-design-with-rp2040.pdf"/>
      <property name="Sheetname" value=""/>
      <property name="Sheetfile" value="control_board.kicad_sch"/>
      <sheetpath names="/" tstamps="/"/>
      <tstamps>6df84433-5351-4326-a55b-6975936b1125</tstamps>
    </comp>
    <comp ref="U2">
      <value>BMI270</value>
      <footprint>Package_LGA:Bosch_LGA-14_3x2.5mm_P0.5mm</footprint>
      <libsource lib="Inertial Measurement Units (IMU)" part="BMI270" description=""/>
      <property name="Sheetname" value=""/>
      <property name="Sheetfile" value="control_board.kicad_sch"/>
      <sheetpath names="/" tstamps="/"/>
      <tstamps>9369b7db-1279-4b8e-b097-b93dec6282f0</tstamps>
    </comp>
    <comp ref="U3">
      <value>SN74LVC1T45DRL</value>
      <footprint>Package_TO_SOT_SMD:SOT-563</footprint>
      <datasheet>http://www.ti.com/lit/ds/symlink/sn74lvc1t45.pdf</datasheet>
      <libsource lib="Logic_LevelTranslator" part="SN74LVC1T45DRL" description="Single-Bit Dual-Supply Bus Transceiver With Configurable Voltage Translation and 3-State Outputs, SOT-563"/>
      <property name="Sheetname" value=""/>
      <property name="Sheetfile" value="control_board.kicad_sch"/>
      <sheetpath names="/" tstamps="/"/>
      <tstamps>1c4abffa-fff7-4e27-b296-25f2402ea8dd</tstamps>
    </comp>
    <comp ref="U4">
      <value>AZ1117-3.3</value>
      <footprint>Package_TO_SOT_SMD:SOT-89-3_Handsoldering</footprint>
      <datasheet>https://www.diodes.com/assets/Datasheets/AZ1117.pdf</datasheet>
      <libsource lib="Regulator_Linear" part="AZ1117-3.3" description="1A 20V Fixed LDO Linear Regulator, 3.3V, SOT-89/SOT-223/TO-220/TO-252/TO-263"/>
      <property name="Sheetname" value=""/>
      <property name="Sheetfile" value="control_board.kicad_sch"/>
      <sheetpath names="/" tstamps="/"/>
      <tstamps>fbaebf7e-09ce-44a6-bb17-fda1e818ff65</tstamps>
    </comp>
    <comp ref="U5">
      <value>W25Q128JVS</value>
      <footprint>Package_SO:SOIC-8_5.23x5.23mm_P1.27mm</footprint>
      <datasheet>https://www.digikey.com/en/products/detail/winbond-electronics/W25Q128JVSIM-TR/6819722</datasheet>
      <libsource lib="Memory_Flash" part="W25Q128JVS" description="128Mb Serial Flash Memory, Standard/Dual/Quad SPI, SOIC-8"/>
      <property name="Sheetname" value=""/>
      <property name="Sheetfile" value="control_board.kicad_sch"/>
      <sheetpath names="/" tstamps="/"/>
      <tstamps>c573ecfc-4e0d-4b10-88fa-f6b4e5cd16a7</tstamps>
    </comp>
    <comp ref="U6">
      <value>RP402N</value>
      <footprint>Package_TO_SOT_SMD:SOT-23-5_HandSoldering</footprint>
      <datasheet>https://www.nisshinbo-microdevices.co.jp/en/pdf/datasheet/rp402-ea.pdf</datasheet>
      <libsource lib="JFHPower" part="RP402N" description=""/>
      <property name="Sheetname" value=""/>
      <property name="Sheetfile" value="control_board.kicad_sch"/>
      <sheetpath names="/" tstamps="/"/>
      <tstamps>bdd8c275-33c0-4013-a13f-95bb2df05919</tstamps>
    </comp>
    <comp ref="Y1">
      <value>Crystal</value>
      <footprint>Crystal:Crystal_SMD_HC49-SD_HandSoldering</footprint>
      <datasheet>https://www.digikey.com/en/products/detail/abracon-llc/ABLS2-12-000MHZ-D4Y-T/2001236</datasheet>
      <libsource lib="Device" part="Crystal" description="Two pin crystal"/>
      <property name="Sheetname" value=""/>
      <property name="Sheetfile" value="control_board.kicad_sch"/>
      <sheetpath names="/" tstamps="/"/>
      <tstamps>1159cb22-1132-4a81-bba7-16fefe6842b7</tstamps>
    </comp>
  </components>
  <libparts>
    <libpart lib="Connector" part="USB_B_Micro">
      <description>USB Micro Type B connector</description>
      <docs>~</docs>
      <footprints>
        <fp>USB*</fp>
      </footprints>
      <fields>
        <field name="Reference">J</field>
        <field name="Value">USB_B_Micro</field>
        <field name="Datasheet">~</field>
      </fields>
      <pins>
        <pin num="1" name="VBUS" type="power_out"/>
        <pin num="2" name="D-" type="bidirectional"/>
        <pin num="3" name="D+" type="bidirectional"/>
        <pin num="4" name="ID" type="passive"/>
        <pin num="5" name="GND" type="power_out"/>
        <pin num="6" name="Shield" type="passive"/>
      </pins>
    </libpart>
    <libpart lib="Connector_Generic" part="Conn_01x02">
      <description>Generic connector, single row, 01x02, script generated (kicad-library-utils/schlib/autogen/connector/)</description>
      <docs>~</docs>
      <footprints>
        <fp>Connector*:*_1x??_*</fp>
      </footprints>
      <fields>
        <field name="Reference">J</field>
        <field name="Value">Conn_01x02</field>
        <field name="Datasheet">~</field>
      </fields>
      <pins>
        <pin num="1" name="Pin_1" type="passive"/>
        <pin num="2" name="Pin_2" type="passive"/>
      </pins>
    </libpart>
    <libpart lib="Connector_Generic" part="Conn_01x03">
      <description>Generic connector, single row, 01x03, script generated (kicad-library-utils/schlib/autogen/connector/)</description>
      <docs>~</docs>
      <footprints>
        <fp>Connector*:*_1x??_*</fp>
      </footprints>
      <fields>
        <field name="Reference">J</field>
        <field name="Value">Conn_01x03</field>
        <field name="Datasheet">~</field>
      </fields>
      <pins>
        <pin num="1" name="Pin_1" type="passive"/>
        <pin num="2" name="Pin_2" type="passive"/>
        <pin num="3" name="Pin_3" type="passive"/>
      </pins>
    </libpart>
    <libpart lib="Connector_Generic" part="Conn_01x04">
      <description>Generic connector, single row, 01x04, script generated (kicad-library-utils/schlib/autogen/connector/)</description>
      <docs>~</docs>
      <footprints>
        <fp>Connector*:*_1x??_*</fp>
      </footprints>
      <fields>
        <field name="Reference">J</field>
        <field name="Value">Conn_01x04</field>
        <field name="Datasheet">~</field>
      </fields>
      <pins>
        <pin num="1" name="Pin_1" type="passive"/>
        <pin num="2" name="Pin_2" type="passive"/>
        <pin num="3" name="Pin_3" type="passive"/>
        <pin num="4" name="Pin_4" type="passive"/>
      </pins>
    </libpart>
    <libpart lib="Connector_Generic" part="Conn_01x06">
      <description>Generic connector, single row, 01x06, script generated (kicad-library-utils/schlib/autogen/connector/)</description>
      <docs>~</docs>
      <footprints>
        <fp>Connector*:*_1x??_*</fp>
      </footprints>
      <fields>
        <field name="Reference">J</field>
        <field name="Value">Conn_01x06</field>
        <field name="Datasheet">~</field>
      </fields>
      <pins>
        <pin num="1" name="Pin_1" type="passive"/>
        <pin num="2" name="Pin_2" type="passive"/>
        <pin num="3" name="Pin_3" type="passive"/>
        <pin num="4" name="Pin_4" type="passive"/>
        <pin num="5" name="Pin_5" type="passive"/>
        <pin num="6" name="Pin_6" type="passive"/>
      </pins>
    </libpart>
    <libpart lib="Device" part="Battery_Cell">
      <description>Single-cell battery</description>
      <docs>~</docs>
      <fields>
        <field name="Reference">BT</field>
        <field name="Value">Battery_Cell</field>
        <field name="Datasheet">~</field>
      </fields>
      <pins>
        <pin num="1" name="+" type="passive"/>
        <pin num="2" name="-" type="passive"/>
      </pins>
    </libpart>
    <libpart lib="Device" part="C">
      <description>Unpolarized capacitor</description>
      <docs>~</docs>
      <footprints>
        <fp>C_*</fp>
      </footprints>
      <fields>
        <field name="Reference">C</field>
        <field name="Value">C</field>
        <field name="Datasheet">~</field>
      </fields>
      <pins>
        <pin num="1" name="" type="passive"/>
        <pin num="2" name="" type="passive"/>
      </pins>
    </libpart>
    <libpart lib="Device" part="Crystal">
      <description>Two pin crystal</description>
      <docs>~</docs>
      <footprints>
        <fp>Crystal*</fp>
      </footprints>
      <fields>
        <field name="Reference">Y</field>
        <field name="Value">Crystal</field>
        <field name="Datasheet">~</field>
      </fields>
      <pins>
        <pin num="1" name="1" type="passive"/>
        <pin num="2" name="2" type="passive"/>
      </pins>
    </libpart>
    <libpart lib="Device" part="D">
      <description>Diode</description>
      <docs>~</docs>
      <footprints>
        <fp>TO-???*</fp>
        <fp>*_Diode_*</fp>
        <fp>*SingleDiode*</fp>
        <fp>D_*</fp>
      </footprints>
      <fields>
        <field name="Reference">D</field>
        <field name="Value">D</field>
        <field name="Datasheet">~</field>
      </fields>
      <pins>
        <pin num="1" name="K" type="passive"/>
        <pin num="2" name="A" type="passive"/>
      </pins>
    </libpart>
    <libpart lib="Device" part="L">
      <description>Inductor</description>
      <docs>~</docs>
      <footprints>
        <fp>Choke_*</fp>
        <fp>*Coil*</fp>
        <fp>Inductor_*</fp>
        <fp>L_*</fp>
      </footprints>
      <fields>
        <field name="Reference">L</field>
        <field name="Value">L</field>
        <field name="Datasheet">~</field>
      </fields>
      <pins>
        <pin num="1" name="1" type="passive"/>
        <pin num="2" name="2" type="passive"/>
      </pins>
    </libpart>
    <libpart lib="Device" part="R">
      <description>Resistor</description>
      <docs>~</docs>
      <footprints>
        <fp>R_*</fp>
      </footprints>
      <fields>
        <field name="Reference">R</field>
        <field name="Value">R</field>
        <field name="Datasheet">~</field>
      </fields>
      <pins>
        <pin num="1" name="" type="passive"/>
        <pin num="2" name="" type="passive"/>
      </pins>
    </libpart>
    <libpart lib="Inertial Measurement Units (IMU)" part="BMI270">
      <fields>
        <field name="Reference">U</field>
        <field name="Value">BMI270</field>
      </fields>
      <pins>
        <pin num="1" name="SDO" type="bidirectional"/>
        <pin num="2" name="ASDx" type="bidirectional"/>
        <pin num="3" name="ASCx" type="bidirectional"/>
        <pin num="4" name="INT1" type="bidirectional"/>
        <pin num="5" name="VDDIO" type="power_in"/>
        <pin num="6" name="GNDIO" type="power_in"/>
        <pin num="7" name="GND" type="power_in"/>
        <pin num="8" name="VDD" type="power_in"/>
        <pin num="9" name="INT2" type="bidirectional"/>
        <pin num="10" name="OCSB" type="input"/>
        <pin num="11" name="OSDO" type="output"/>
        <pin num="12" name="CSB" type="input"/>
        <pin num="13" name="SCx" type="input"/>
        <pin num="14" name="SDx" type="bidirectional"/>
      </pins>
    </libpart>
    <libpart lib="JFHPower" part="RP402N">
      <docs>https://www.nisshinbo-microdevices.co.jp/en/pdf/datasheet/rp402-ea.pdf</docs>
      <fields>
        <field name="Reference">U</field>
        <field name="Value">RP402N</field>
        <field name="Datasheet">https://www.nisshinbo-microdevices.co.jp/en/pdf/datasheet/rp402-ea.pdf</field>
      </fields>
      <pins>
        <pin num="1" name="Lx" type="input"/>
        <pin num="2" name="GND" type="power_in"/>
        <pin num="3" name="EN" type="input"/>
        <pin num="4" name="VIN" type="power_in"/>
        <pin num="5" name="VOUT" type="power_out"/>
      </pins>
    </libpart>
    <libpart lib="LED" part="WS2812">
      <description>RGB LED with integrated controller</description>
      <docs>https://cdn-shop.adafruit.com/datasheets/WS2812.pdf</docs>
      <footprints>
        <fp>LED*WS2812*PLCC*5.0x5.0mm*P1.6mm*</fp>
      </footprints>
      <fields>
        <field name="Reference">D</field>
        <field name="Value">WS2812</field>
        <field name="Footprint">LED_SMD:LED_WS2812_PLCC6_5.0x5.0mm_P1.6mm</field>
        <field name="Datasheet">https://cdn-shop.adafruit.com/datasheets/WS2812.pdf</field>
      </fields>
      <pins>
        <pin num="1" name="DOUT" type="output"/>
        <pin num="2" name="DIN" type="input"/>
        <pin num="3" name="VCC" type="power_in"/>
        <pin num="4" name="NC" type="no_connect"/>
        <pin num="5" name="VDD" type="power_in"/>
        <pin num="6" name="VSS" type="power_in"/>
      </pins>
    </libpart>
    <libpart lib="Logic_LevelTranslator" part="SN74LVC1T45DRL">
      <description>Single-Bit Dual-Supply Bus Transceiver With Configurable Voltage Translation and 3-State Outputs, SOT-563</description>
      <docs>http://www.ti.com/lit/ds/symlink/sn74lvc1t45.pdf</docs>
      <footprints>
        <fp>*SOT?563*</fp>
      </footprints>
      <fields>
        <field name="Reference">U</field>
        <field name="Value">SN74LVC1T45DRL</field>
        <field name="Footprint">Package_TO_SOT_SMD:SOT-563</field>
        <field name="Datasheet">http://www.ti.com/lit/ds/symlink/sn74lvc1t45.pdf</field>
      </fields>
      <pins>
        <pin num="1" name="VCCA" type="power_in"/>
        <pin num="2" name="GND" type="power_in"/>
        <pin num="3" name="A" type="bidirectional"/>
        <pin num="4" name="B" type="bidirectional"/>
        <pin num="5" name="DIR" type="input"/>
        <pin num="6" name="VCCB" type="power_in"/>
      </pins>
    </libpart>
    <libpart lib="Mechanical" part="MountingHole">
      <description>Mounting Hole without connection</description>
      <docs>~</docs>
      <footprints>
        <fp>MountingHole*</fp>
      </footprints>
      <fields>
        <field name="Reference">H</field>
        <field name="Value">MountingHole</field>
        <field name="Datasheet">~</field>
      </fields>
    </libpart>
    <libpart lib="Memory_Flash" part="W25Q128JVS">
      <description>128Mb Serial Flash Memory, Standard/Dual/Quad SPI, SOIC-8</description>
      <docs>http://www.winbond.com/resource-files/w25q128jv_dtr%20revc%2003272018%20plus.pdf</docs>
      <footprints>
        <fp>SOIC*5.23x5.23mm*P1.27mm*</fp>
      </footprints>
      <fields>
        <field name="Reference">U</field>
        <field name="Value">W25Q128JVS</field>
        <field name="Footprint">Package_SO:SOIC-8_5.23x5.23mm_P1.27mm</field>
        <field name="Datasheet">http://www.winbond.com/resource-files/w25q128jv_dtr%20revc%2003272018%20plus.pdf</field>
      </fields>
      <pins>
        <pin num="1" name="~{CS}" type="input"/>
        <pin num="2" name="DO(IO1)" type="bidirectional"/>
        <pin num="3" name="IO2" type="bidirectional"/>
        <pin num="4" name="GND" type="power_in"/>
        <pin num="5" name="DI(IO0)" type="bidirectional"/>
        <pin num="6" name="CLK" type="input"/>
        <pin num="7" name="IO3" type="bidirectional"/>
        <pin num="8" name="VCC" type="power_in"/>
      </pins>
    </libpart>
    <libpart lib="Raspberry Pi" part="RP2040">
      <docs>https://datasheets.raspberrypi.com/rp2040/rp2040-datasheet.pdf</docs>
      <fields>
        <field name="Reference">U</field>
        <field name="Value">RP2040</field>
        <field name="Footprint">Raspberry Pi:QFN-56_EP_7.75x7.75_Pitch0.4mm</field>
        <field name="Datasheet">https://datasheets.raspberrypi.com/rp2040/rp2040-datasheet.pdf</field>
        <field name="Hardware Guide">https://datasheets.raspberrypi.com/rp2040/hardware-design-with-rp2040.pdf</field>
      </fields>
      <pins>
        <pin num="1" name="IOVDD" type="power_in"/>
        <pin num="2" name="GPIO0" type="bidirectional"/>
        <pin num="3" name="GPIO1" type="bidirectional"/>
        <pin num="4" name="GPIO2" type="bidirectional"/>
        <pin num="5" name="GPIO3" type="bidirectional"/>
        <pin num="6" name="GPIO4" type="bidirectional"/>
        <pin num="7" name="GPIO5" type="bidirectional"/>
        <pin num="8" name="GPIO6" type="bidirectional"/>
        <pin num="9" name="GPIO7" type="bidirectional"/>
        <pin num="10" name="IOVDD" type="power_in"/>
        <pin num="11" name="GPIO8" type="bidirectional"/>
        <pin num="12" name="GPIO9" type="bidirectional"/>
        <pin num="13" name="GPIO10" type="bidirectional"/>
        <pin num="14" name="GPIO11" type="bidirectional"/>
        <pin num="15" name="GPIO12" type="bidirectional"/>
        <pin num="16" name="GPIO13" type="bidirectional"/>
        <pin num="17" name="GPIO14" type="bidirectional"/>
        <pin num="18" name="GPIO15" type="bidirectional"/>
        <pin num="19" name="TESTEN" type="input"/>
        <pin num="20" name="XIN" type="input"/>
        <pin num="21" name="XOUT" type="input"/>
        <pin num="22" name="IOVDD" type="power_in"/>
        <pin num="23" name="DVDD" type="power_in"/>
        <pin num="24" name="SWCLK" type="input"/>
        <pin num="25" name="SWD" type="input"/>
        <pin num="26" name="RUN" type="input"/>
        <pin num="27" name="GPIO16" type="bidirectional"/>
        <pin num="28" name="GPIO17" type="bidirectional"/>
        <pin num="29" name="GPIO18" type="bidirectional"/>
        <pin num="30" name="GPIO19" type="bidirectional"/>
        <pin num="31" name="GPIO20" type="bidirectional"/>
        <pin num="32" name="GPIO21" type="bidirectional"/>
        <pin num="33" name="IOVDD" type="power_in"/>
        <pin num="34" name="GPIO22" type="bidirectional"/>
        <pin num="35" name="GPIO23" type="bidirectional"/>
        <pin num="36" name="GPIO24" type="bidirectional"/>
        <pin num="37" name="GPIO25" type="bidirectional"/>
        <pin num="38" name="GPIO26_ADC0" type="bidirectional"/>
        <pin num="39" name="GPIO27_ADC1" type="bidirectional"/>
        <pin num="40" name="GPIO28_ADC2" type="bidirectional"/>
        <pin num="41" name="GPIO29_ADC3" type="bidirectional"/>
        <pin num="42" name="IOVDD" type="power_in"/>
        <pin num="43" name="ADC_IOVDD" type="power_in"/>
        <pin num="44" name="VREG_IOVDD" type="power_in"/>
        <pin num="45" name="VREG_VOUT" type="power_out"/>
        <pin num="46" name="USB_DM" type="input"/>
        <pin num="47" name="USB_DP" type="input"/>
        <pin num="48" name="USB_IOVDD" type="power_in"/>
        <pin num="49" name="IOVDD" type="power_in"/>
        <pin num="50" name="DVDD" type="power_in"/>
        <pin num="51" name="QSPI_SD3" type="bidirectional"/>
        <pin num="52" name="QSPI_SCLK" type="bidirectional"/>
        <pin num="53" name="QSPI_SD0" type="bidirectional"/>
        <pin num="54" name="QSPI_SD2" type="bidirectional"/>
        <pin num="55" name="QSPI_SD1" type="bidirectional"/>
        <pin num="56" name="QSPI_SS" type="bidirectional"/>
        <pin num="57" name="GND" type="power_in"/>
      </pins>
    </libpart>
    <libpart lib="Regulator_Linear" part="AZ1117-3.3">
      <description>1A 20V Fixed LDO Linear Regulator, 3.3V, SOT-89/SOT-223/TO-220/TO-252/TO-263</description>
      <docs>https://www.diodes.com/assets/Datasheets/AZ1117.pdf</docs>
      <footprints>
        <fp>SOT?223*</fp>
        <fp>SOT?89*</fp>
        <fp>TO?220*</fp>
        <fp>TO?252*</fp>
        <fp>TO?263*</fp>
      </footprints>
      <fields>
        <field name="Reference">U</field>
        <field name="Value">AZ1117-3.3</field>
        <field name="Datasheet">https://www.diodes.com/assets/Datasheets/AZ1117.pdf</field>
      </fields>
      <pins>
        <pin num="1" name="GND" type="power_in"/>
        <pin num="2" name="VO" type="power_out"/>
        <pin num="3" name="VI" type="power_in"/>
      </pins>
    </libpart>
    <libpart lib="Switch" part="SW_DIP_x01">
      <description>1x DIP Switch, Single Pole Single Throw (SPST) switch, small symbol</description>
      <docs>~</docs>
      <footprints>
        <fp>SW?DIP?x1*</fp>
      </footprints>
      <fields>
        <field name="Reference">SW</field>
        <field name="Value">SW_DIP_x01</field>
        <field name="Datasheet">~</field>
      </fields>
      <pins>
        <pin num="1" name="" type="passive"/>
        <pin num="2" name="" type="passive"/>
      </pins>
    </libpart>
  </libparts>
  <libraries>
    <library logical="Connector">
      <uri>C:\Program Files\KiCad\6.0\share\kicad\symbols\/Connector.kicad_sym</uri>
    </library>
    <library logical="Connector_Generic">
      <uri>C:\Program Files\KiCad\6.0\share\kicad\symbols\/Connector_Generic.kicad_sym</uri>
    </library>
    <library logical="Device">
      <uri>C:\Program Files\KiCad\6.0\share\kicad\symbols\/Device.kicad_sym</uri>
    </library>
    <library logical="Inertial Measurement Units (IMU)">
      <uri>C:/Users/jhorw/OneDrive/Documents/KiCad/6.0/symbols/Inertial Measurement Units (IMU).kicad_sym</uri>
    </library>
    <library logical="JFHPower">
      <uri>C:/Users/jhorw/OneDrive/Documents/KiCad/6.0/symbols/JFHPower.kicad_sym</uri>
    </library>
    <library logical="LED">
      <uri>C:\Program Files\KiCad\6.0\share\kicad\symbols\/LED.kicad_sym</uri>
    </library>
    <library logical="Logic_LevelTranslator">
      <uri>C:\Program Files\KiCad\6.0\share\kicad\symbols\/Logic_LevelTranslator.kicad_sym</uri>
    </library>
    <library logical="Mechanical">
      <uri>C:\Program Files\KiCad\6.0\share\kicad\symbols\/Mechanical.kicad_sym</uri>
    </library>
    <library logical="Memory_Flash">
      <uri>C:\Program Files\KiCad\6.0\share\kicad\symbols\/Memory_Flash.kicad_sym</uri>
    </library>
    <library logical="Raspberry Pi">
      <uri>C:/Users/jhorw/OneDrive/Documents/KiCad/6.0/symbols/Raspberry Pi.kicad_sym</uri>
    </library>
    <library logical="Regulator_Linear">
      <uri>C:\Program Files\KiCad\6.0\share\kicad\symbols\/Regulator_Linear.kicad_sym</uri>
    </library>
    <library logical="Switch">
      <uri>C:\Program Files\KiCad\6.0\share\kicad\symbols\/Switch.kicad_sym</uri>
    </library>
  </libraries>
  <nets>
    <net code="1" name="+1V1">
      <node ref="C1" pin="1" pintype="passive"/>
      <node ref="C10" pin="1" pintype="passive"/>
      <node ref="C2" pin="1" pintype="passive"/>
      <node ref="U1" pin="23" pinfunction="DVDD" pintype="power_in"/>
      <node ref="U1" pin="45" pinfunction="VREG_VOUT" pintype="power_out"/>
      <node ref="U1" pin="50" pinfunction="DVDD" pintype="power_in"/>
    </net>
    <net code="2" name="+3V3">
      <node ref="C11" pin="1" pintype="passive"/>
      <node ref="C14" pin="2" pintype="passive"/>
      <node ref="C15" pin="2" pintype="passive"/>
      <node ref="C16" pin="1" pintype="passive"/>
      <node ref="C18" pin="1" pintype="passive"/>
      <node ref="C20" pin="1" pintype="passive"/>
      <node ref="C3" pin="1" pintype="passive"/>
      <node ref="C4" pin="1" pintype="passive"/>
      <node ref="C5" pin="1" pintype="passive"/>
      <node ref="C6" pin="1" pintype="passive"/>
      <node ref="C7" pin="1" pintype="passive"/>
      <node ref="C8" pin="1" pintype="passive"/>
      <node ref="C9" pin="1" pintype="passive"/>
      <node ref="R4" pin="2" pintype="passive"/>
      <node ref="R5" pin="2" pintype="passive"/>
      <node ref="R6" pin="2" pintype="passive"/>
      <node ref="R7" pin="2" pintype="passive"/>
      <node ref="U1" pin="1" pinfunction="IOVDD" pintype="power_in"/>
      <node ref="U1" pin="10" pinfunction="IOVDD" pintype="power_in"/>
      <node ref="U1" pin="22" pinfunction="IOVDD" pintype="power_in"/>
      <node ref="U1" pin="33" pinfunction="IOVDD" pintype="power_in"/>
      <node ref="U1" pin="42" pinfunction="IOVDD" pintype="power_in"/>
      <node ref="U1" pin="43" pinfunction="ADC_IOVDD" pintype="power_in"/>
      <node ref="U1" pin="44" pinfunction="VREG_IOVDD" pintype="power_in"/>
      <node ref="U1" pin="48" pinfunction="USB_IOVDD" pintype="power_in"/>
      <node ref="U1" pin="49" pinfunction="IOVDD" pintype="power_in"/>
      <node ref="U2" pin="12" pinfunction="CSB" pintype="input"/>
      <node ref="U2" pin="5" pinfunction="VDDIO" pintype="power_in"/>
      <node ref="U2" pin="8" pinfunction="VDD" pintype="power_in"/>
      <node ref="U3" pin="1" pinfunction="VCCA" pintype="power_in"/>
      <node ref="U4" pin="2" pinfunction="VO" pintype="power_out"/>
      <node ref="U5" pin="8" pinfunction="VCC" pintype="power_in"/>
    </net>
    <net code="3" name="+5V">
      <node ref="C17" pin="1" pintype="passive"/>
      <node ref="C19" pin="1" pintype="passive"/>
      <node ref="C21" pin="2" pintype="passive"/>
      <node ref="D1" pin="3" pinfunction="VCC" pintype="power_in"/>
      <node ref="D1" pin="5" pinfunction="VDD" pintype="power_in"/>
      <node ref="D10" pin="3" pinfunction="VCC" pintype="power_in"/>
      <node ref="D10" pin="5" pinfunction="VDD" pintype="power_in"/>
      <node ref="D11" pin="3" pinfunction="VCC" pintype="power_in"/>
      <node ref="D11" pin="5" pinfunction="VDD" pintype="power_in"/>
      <node ref="D12" pin="3" pinfunction="VCC" pintype="power_in"/>
      <node ref="D12" pin="5" pinfunction="VDD" pintype="power_in"/>
      <node ref="D13" pin="3" pinfunction="VCC" pintype="power_in"/>
      <node ref="D13" pin="5" pinfunction="VDD" pintype="power_in"/>
      <node ref="D14" pin="3" pinfunction="VCC" pintype="power_in"/>
      <node ref="D14" pin="5" pinfunction="VDD" pintype="power_in"/>
      <node ref="D15" pin="3" pinfunction="VCC" pintype="power_in"/>
      <node ref="D15" pin="5" pinfunction="VDD" pintype="power_in"/>
      <node ref="D16" pin="3" pinfunction="VCC" pintype="power_in"/>
      <node ref="D16" pin="5" pinfunction="VDD" pintype="power_in"/>
      <node ref="D17" pin="3" pinfunction="VCC" pintype="power_in"/>
      <node ref="D17" pin="5" pinfunction="VDD" pintype="power_in"/>
      <node ref="D18" pin="3" pinfunction="VCC" pintype="power_in"/>
      <node ref="D18" pin="5" pinfunction="VDD" pintype="power_in"/>
      <node ref="D19" pin="3" pinfunction="VCC" pintype="power_in"/>
      <node ref="D19" pin="5" pinfunction="VDD" pintype="power_in"/>
      <node ref="D2" pin="3" pinfunction="VCC" pintype="power_in"/>
      <node ref="D2" pin="5" pinfunction="VDD" pintype="power_in"/>
      <node ref="D20" pin="3" pinfunction="VCC" pintype="power_in"/>
      <node ref="D20" pin="5" pinfunction="VDD" pintype="power_in"/>
      <node ref="D21" pin="3" pinfunction="VCC" pintype="power_in"/>
      <node ref="D21" pin="5" pinfunction="VDD" pintype="power_in"/>
      <node ref="D22" pin="3" pinfunction="VCC" pintype="power_in"/>
      <node ref="D22" pin="5" pinfunction="VDD" pintype="power_in"/>
      <node ref="D23" pin="3" pinfunction="VCC" pintype="power_in"/>
      <node ref="D23" pin="5" pinfunction="VDD" pintype="power_in"/>
      <node ref="D24" pin="3" pinfunction="VCC" pintype="power_in"/>
      <node ref="D24" pin="5" pinfunction="VDD" pintype="power_in"/>
      <node ref="D25" pin="3" pinfunction="VCC" pintype="power_in"/>
      <node ref="D25" pin="5" pinfunction="VDD" pintype="power_in"/>
      <node ref="D3" pin="3" pinfunction="VCC" pintype="power_in"/>
      <node ref="D3" pin="5" pinfunction="VDD" pintype="power_in"/>
      <node ref="D4" pin="3" pinfunction="VCC" pintype="power_in"/>
      <node ref="D4" pin="5" pinfunction="VDD" pintype="power_in"/>
      <node ref="D5" pin="3" pinfunction="VCC" pintype="power_in"/>
      <node ref="D5" pin="5" pinfunction="VDD" pintype="power_in"/>
      <node ref="D6" pin="3" pinfunction="VCC" pintype="power_in"/>
      <node ref="D6" pin="5" pinfunction="VDD" pintype="power_in"/>
      <node ref="D7" pin="3" pinfunction="VCC" pintype="power_in"/>
      <node ref="D7" pin="5" pinfunction="VDD" pintype="power_in"/>
      <node ref="D8" pin="3" pinfunction="VCC" pintype="power_in"/>
      <node ref="D8" pin="5" pinfunction="VDD" pintype="power_in"/>
      <node ref="D9" pin="3" pinfunction="VCC" pintype="power_in"/>
      <node ref="D9" pin="5" pinfunction="VDD" pintype="power_in"/>
      <node ref="J5" pin="2" pinfunction="Pin_2" pintype="passive"/>
      <node ref="R9" pin="2" pintype="passive"/>
      <node ref="U3" pin="6" pinfunction="VCCB" pintype="power_in"/>
      <node ref="U4" pin="3" pinfunction="VI" pintype="power_in"/>
      <node ref="U6" pin="5" pinfunction="VOUT" pintype="power_out"/>
    </net>
    <net code="4" name="+BATT">
      <node ref="BT1" pin="1" pinfunction="+" pintype="passive"/>
      <node ref="C22" pin="2" pintype="passive"/>
      <node ref="L1" pin="1" pinfunction="1" pintype="passive"/>
      <node ref="U6" pin="4" pinfunction="VIN" pintype="power_in"/>
    </net>
    <net code="5" name="/ADC0">
      <node ref="J1" pin="2" pinfunction="Pin_2" pintype="passive"/>
      <node ref="U1" pin="38" pinfunction="GPIO26_ADC0" pintype="bidirectional"/>
    </net>
    <net code="6" name="/ADC1">
      <node ref="J1" pin="1" pinfunction="Pin_1" pintype="passive"/>
      <node ref="U1" pin="39" pinfunction="GPIO27_ADC1" pintype="bidirectional"/>
    </net>
    <net code="7" name="/CRYSTAL_OUT">
      <node ref="C13" pin="1" pintype="passive"/>
      <node ref="R3" pin="1" pintype="passive"/>
      <node ref="Y1" pin="1" pinfunction="1" pintype="passive"/>
    </net>
    <net code="8" name="/GPIO5">
      <node ref="J1" pin="6" pinfunction="Pin_6" pintype="passive"/>
      <node ref="U1" pin="7" pinfunction="GPIO5" pintype="bidirectional"/>
    </net>
    <net code="9" name="/GPIO6">
      <node ref="J1" pin="5" pinfunction="Pin_5" pintype="passive"/>
      <node ref="U1" pin="8" pinfunction="GPIO6" pintype="bidirectional"/>
    </net>
    <net code="10" name="/GPIO7">
      <node ref="J1" pin="4" pinfunction="Pin_4" pintype="passive"/>
      <node ref="U1" pin="9" pinfunction="GPIO7" pintype="bidirectional"/>
    </net>
    <net code="11" name="/GPIO8">
      <node ref="J1" pin="3" pinfunction="Pin_3" pintype="passive"/>
      <node ref="U1" pin="11" pinfunction="GPIO8" pintype="bidirectional"/>
    </net>
    <net code="12" name="/IMU INT1">
      <node ref="U1" pin="6" pinfunction="GPIO4" pintype="bidirectional"/>
      <node ref="U2" pin="4" pinfunction="INT1" pintype="bidirectional"/>
    </net>
    <net code="13" name="/IMU INT2">
      <node ref="U1" pin="5" pinfunction="GPIO3" pintype="bidirectional"/>
      <node ref="U2" pin="9" pinfunction="INT2" pintype="bidirectional"/>
    </net>
    <net code="14" name="/Lx">
      <node ref="L1" pin="2" pinfunction="2" pintype="passive"/>
      <node ref="U6" pin="1" pinfunction="Lx" pintype="input"/>
    </net>
    <net code="15" name="/NEOPIX">
      <node ref="U1" pin="27" pinfunction="GPIO16" pintype="bidirectional"/>
      <node ref="U3" pin="3" pinfunction="A" pintype="bidirectional"/>
    </net>
    <net code="16" name="/QSPI_SCLK">
      <node ref="U1" pin="52" pinfunction="QSPI_SCLK" pintype="bidirectional"/>
      <node ref="U5" pin="6" pinfunction="CLK" pintype="input"/>
    </net>
    <net code="17" name="/QSPI_SD0">
      <node ref="U1" pin="53" pinfunction="QSPI_SD0" pintype="bidirectional"/>
      <node ref="U5" pin="5" pinfunction="DI(IO0)" pintype="bidirectional"/>
    </net>
    <net code="18" name="/QSPI_SD1">
      <node ref="U1" pin="55" pinfunction="QSPI_SD1" pintype="bidirectional"/>
      <node ref="U5" pin="2" pinfunction="DO(IO1)" pintype="bidirectional"/>
    </net>
    <net code="19" name="/QSPI_SD2">
      <node ref="U1" pin="54" pinfunction="QSPI_SD2" pintype="bidirectional"/>
      <node ref="U5" pin="3" pinfunction="IO2" pintype="bidirectional"/>
    </net>
    <net code="20" name="/QSPI_SD3">
      <node ref="U1" pin="51" pinfunction="QSPI_SD3" pintype="bidirectional"/>
      <node ref="U5" pin="7" pinfunction="IO3" pintype="bidirectional"/>
    </net>
    <net code="21" name="/QSPI_SS">
      <node ref="R7" pin="1" pintype="passive"/>
      <node ref="R8" pin="1" pintype="passive"/>
      <node ref="U1" pin="56" pinfunction="QSPI_SS" pintype="bidirectional"/>
      <node ref="U5" pin="1" pinfunction="~{CS}" pintype="input"/>
    </net>
    <net code="22" name="/RGB_DIN">
      <node ref="D1" pin="2" pinfunction="DIN" pintype="input"/>
      <node ref="U3" pin="4" pinfunction="B" pintype="bidirectional"/>
    </net>
    <net code="23" name="/RPN">
      <node ref="R2" pin="1" pintype="passive"/>
      <node ref="U1" pin="46" pinfunction="USB_DM" pintype="input"/>
    </net>
    <net code="24" name="/RPP">
      <node ref="R1" pin="1" pintype="passive"/>
      <node ref="U1" pin="47" pinfunction="USB_DP" pintype="input"/>
    </net>
    <net code="25" name="/RUN">
      <node ref="J2" pin="4" pinfunction="Pin_4" pintype="passive"/>
      <node ref="U1" pin="26" pinfunction="RUN" pintype="input"/>
    </net>
    <net code="26" name="/SA0">
      <node ref="U1" pin="4" pinfunction="GPIO2" pintype="bidirectional"/>
      <node ref="U2" pin="1" pinfunction="SDO" pintype="bidirectional"/>
    </net>
    <net code="27" name="/SCL">
      <node ref="R5" pin="1" pintype="passive"/>
      <node ref="U1" pin="3" pinfunction="GPIO1" pintype="bidirectional"/>
      <node ref="U2" pin="13" pinfunction="SCx" pintype="input"/>
    </net>
    <net code="28" name="/SDA">
      <node ref="R4" pin="1" pintype="passive"/>
      <node ref="U1" pin="2" pinfunction="GPIO0" pintype="bidirectional"/>
      <node ref="U2" pin="14" pinfunction="SDx" pintype="bidirectional"/>
    </net>
    <net code="29" name="/SWCLK">
      <node ref="J2" pin="3" pinfunction="Pin_3" pintype="passive"/>
      <node ref="J3" pin="3" pinfunction="Pin_3" pintype="passive"/>
      <node ref="U1" pin="24" pinfunction="SWCLK" pintype="input"/>
    </net>
    <net code="30" name="/SWD">
      <node ref="J2" pin="2" pinfunction="Pin_2" pintype="passive"/>
      <node ref="J3" pin="1" pinfunction="Pin_1" pintype="passive"/>
      <node ref="U1" pin="25" pinfunction="SWD" pintype="input"/>
    </net>
    <net code="31" name="/USB_BOOT">
      <node ref="R8" pin="2" pintype="passive"/>
      <node ref="SW1" pin="2" pintype="passive"/>
    </net>
    <net code="32" name="/USB_DN">
      <node ref="D27" pin="1" pinfunction="K" pintype="passive"/>
      <node ref="J4" pin="2" pinfunction="D-" pintype="bidirectional"/>
      <node ref="R2" pin="2" pintype="passive"/>
    </net>
    <net code="33" name="/USB_DP">
      <node ref="D26" pin="1" pinfunction="K" pintype="passive"/>
      <node ref="J4" pin="3" pinfunction="D+" pintype="bidirectional"/>
      <node ref="R1" pin="2" pintype="passive"/>
    </net>
    <net code="34" name="/XIN">
      <node ref="C12" pin="1" pintype="passive"/>
      <node ref="U1" pin="20" pinfunction="XIN" pintype="input"/>
      <node ref="Y1" pin="2" pinfunction="2" pintype="passive"/>
    </net>
    <net code="35" name="/XOUT">
      <node ref="R3" pin="2" pintype="passive"/>
      <node ref="U1" pin="21" pinfunction="XOUT" pintype="input"/>
    </net>
    <net code="36" name="GND">
      <node ref="BT1" pin="2" pinfunction="-" pintype="passive"/>
      <node ref="C1" pin="2" pintype="passive"/>
      <node ref="C10" pin="2" pintype="passive"/>
      <node ref="C11" pin="2" pintype="passive"/>
      <node ref="C12" pin="2" pintype="passive"/>
      <node ref="C13" pin="2" pintype="passive"/>
      <node ref="C14" pin="1" pintype="passive"/>
      <node ref="C15" pin="1" pintype="passive"/>
      <node ref="C16" pin="2" pintype="passive"/>
      <node ref="C17" pin="2" pintype="passive"/>
      <node ref="C18" pin="2" pintype="passive"/>
      <node ref="C19" pin="2" pintype="passive"/>
      <node ref="C2" pin="2" pintype="passive"/>
      <node ref="C20" pin="2" pintype="passive"/>
      <node ref="C21" pin="1" pintype="passive"/>
      <node ref="C22" pin="1" pintype="passive"/>
      <node ref="C3" pin="2" pintype="passive"/>
      <node ref="C4" pin="2" pintype="passive"/>
      <node ref="C5" pin="2" pintype="passive"/>
      <node ref="C6" pin="2" pintype="passive"/>
      <node ref="C7" pin="2" pintype="passive"/>
      <node ref="C8" pin="2" pintype="passive"/>
      <node ref="C9" pin="2" pintype="passive"/>
      <node ref="D1" pin="6" pinfunction="VSS" pintype="power_in"/>
      <node ref="D10" pin="6" pinfunction="VSS" pintype="power_in"/>
      <node ref="D11" pin="6" pinfunction="VSS" pintype="power_in"/>
      <node ref="D12" pin="6" pinfunction="VSS" pintype="power_in"/>
      <node ref="D13" pin="6" pinfunction="VSS" pintype="power_in"/>
      <node ref="D14" pin="6" pinfunction="VSS" pintype="power_in"/>
      <node ref="D15" pin="6" pinfunction="VSS" pintype="power_in"/>
      <node ref="D16" pin="6" pinfunction="VSS" pintype="power_in"/>
      <node ref="D17" pin="6" pinfunction="VSS" pintype="power_in"/>
      <node ref="D18" pin="6" pinfunction="VSS" pintype="power_in"/>
      <node ref="D19" pin="6" pinfunction="VSS" pintype="power_in"/>
      <node ref="D2" pin="6" pinfunction="VSS" pintype="power_in"/>
      <node ref="D20" pin="6" pinfunction="VSS" pintype="power_in"/>
      <node ref="D21" pin="6" pinfunction="VSS" pintype="power_in"/>
      <node ref="D22" pin="6" pinfunction="VSS" pintype="power_in"/>
      <node ref="D23" pin="6" pinfunction="VSS" pintype="power_in"/>
      <node ref="D24" pin="6" pinfunction="VSS" pintype="power_in"/>
      <node ref="D25" pin="6" pinfunction="VSS" pintype="power_in"/>
      <node ref="D26" pin="2" pinfunction="A" pintype="passive"/>
      <node ref="D27" pin="2" pinfunction="A" pintype="passive"/>
      <node ref="D3" pin="6" pinfunction="VSS" pintype="power_in"/>
      <node ref="D4" pin="6" pinfunction="VSS" pintype="power_in"/>
      <node ref="D5" pin="6" pinfunction="VSS" pintype="power_in"/>
      <node ref="D6" pin="6" pinfunction="VSS" pintype="power_in"/>
      <node ref="D7" pin="6" pinfunction="VSS" pintype="power_in"/>
      <node ref="D8" pin="6" pinfunction="VSS" pintype="power_in"/>
      <node ref="D9" pin="6" pinfunction="VSS" pintype="power_in"/>
      <node ref="J2" pin="1" pinfunction="Pin_1" pintype="passive"/>
      <node ref="J3" pin="2" pinfunction="Pin_2" pintype="passive"/>
      <node ref="J4" pin="5" pinfunction="GND" pintype="power_out"/>
      <node ref="J4" pin="6" pinfunction="Shield" pintype="passive"/>
      <node ref="J5" pin="1" pinfunction="Pin_1" pintype="passive"/>
      <node ref="SW1" pin="1" pintype="passive"/>
      <node ref="U1" pin="19" pinfunction="TESTEN" pintype="input"/>
      <node ref="U1" pin="57" pinfunction="GND" pintype="power_in"/>
      <node ref="U2" pin="6" pinfunction="GNDIO" pintype="power_in"/>
      <node ref="U2" pin="7" pinfunction="GND" pintype="power_in"/>
      <node ref="U3" pin="2" pinfunction="GND" pintype="power_in"/>
      <node ref="U4" pin="1" pinfunction="GND" pintype="power_in"/>
      <node ref="U5" pin="4" pinfunction="GND" pintype="power_in"/>
      <node ref="U6" pin="2" pinfunction="GND" pintype="power_in"/>
    </net>
    <net code="37" name="Net-(D1-Pad1)">
      <node ref="D1" pin="1" pinfunction="DOUT" pintype="output"/>
      <node ref="D2" pin="2" pinfunction="DIN" pintype="input"/>
    </net>
    <net code="38" name="Net-(D2-Pad1)">
      <node ref="D2" pin="1" pinfunction="DOUT" pintype="output"/>
      <node ref="D3" pin="2" pinfunction="DIN" pintype="input"/>
    </net>
    <net code="39" name="Net-(D3-Pad1)">
      <node ref="D3" pin="1" pinfunction="DOUT" pintype="output"/>
      <node ref="D4" pin="2" pinfunction="DIN" pintype="input"/>
    </net>
    <net code="40" name="Net-(D4-Pad1)">
      <node ref="D4" pin="1" pinfunction="DOUT" pintype="output"/>
      <node ref="D5" pin="2" pinfunction="DIN" pintype="input"/>
    </net>
    <net code="41" name="Net-(D5-Pad1)">
      <node ref="D5" pin="1" pinfunction="DOUT" pintype="output"/>
      <node ref="D6" pin="2" pinfunction="DIN" pintype="input"/>
    </net>
    <net code="42" name="Net-(D6-Pad1)">
      <node ref="D6" pin="1" pinfunction="DOUT" pintype="output"/>
      <node ref="D7" pin="2" pinfunction="DIN" pintype="input"/>
    </net>
    <net code="43" name="Net-(D7-Pad1)">
      <node ref="D7" pin="1" pinfunction="DOUT" pintype="output"/>
      <node ref="D8" pin="2" pinfunction="DIN" pintype="input"/>
    </net>
    <net code="44" name="Net-(D8-Pad1)">
      <node ref="D8" pin="1" pinfunction="DOUT" pintype="output"/>
      <node ref="D9" pin="2" pinfunction="DIN" pintype="input"/>
    </net>
    <net code="45" name="Net-(D10-Pad1)">
      <node ref="D10" pin="1" pinfunction="DOUT" pintype="output"/>
      <node ref="D11" pin="2" pinfunction="DIN" pintype="input"/>
    </net>
    <net code="46" name="Net-(D10-Pad2)">
      <node ref="D10" pin="2" pinfunction="DIN" pintype="input"/>
      <node ref="D9" pin="1" pinfunction="DOUT" pintype="output"/>
    </net>
    <net code="47" name="Net-(D11-Pad1)">
      <node ref="D11" pin="1" pinfunction="DOUT" pintype="output"/>
      <node ref="D12" pin="2" pinfunction="DIN" pintype="input"/>
    </net>
    <net code="48" name="Net-(D12-Pad1)">
      <node ref="D12" pin="1" pinfunction="DOUT" pintype="output"/>
      <node ref="D13" pin="2" pinfunction="DIN" pintype="input"/>
    </net>
    <net code="49" name="Net-(D13-Pad1)">
      <node ref="D13" pin="1" pinfunction="DOUT" pintype="output"/>
      <node ref="D14" pin="2" pinfunction="DIN" pintype="input"/>
    </net>
    <net code="50" name="Net-(D14-Pad1)">
      <node ref="D14" pin="1" pinfunction="DOUT" pintype="output"/>
      <node ref="D15" pin="2" pinfunction="DIN" pintype="input"/>
    </net>
    <net code="51" name="Net-(D15-Pad1)">
      <node ref="D15" pin="1" pinfunction="DOUT" pintype="output"/>
      <node ref="D16" pin="2" pinfunction="DIN" pintype="input"/>
    </net>
    <net code="52" name="Net-(D16-Pad1)">
      <node ref="D16" pin="1" pinfunction="DOUT" pintype="output"/>
      <node ref="D17" pin="2" pinfunction="DIN" pintype="input"/>
    </net>
    <net code="53" name="Net-(D17-Pad1)">
      <node ref="D17" pin="1" pinfunction="DOUT" pintype="output"/>
      <node ref="D18" pin="2" pinfunction="DIN" pintype="input"/>
    </net>
    <net code="54" name="Net-(D18-Pad1)">
      <node ref="D18" pin="1" pinfunction="DOUT" pintype="output"/>
      <node ref="D19" pin="2" pinfunction="DIN" pintype="input"/>
    </net>
    <net code="55" name="Net-(D19-Pad1)">
      <node ref="D19" pin="1" pinfunction="DOUT" pintype="output"/>
      <node ref="D20" pin="2" pinfunction="DIN" pintype="input"/>
    </net>
    <net code="56" name="Net-(D20-Pad1)">
      <node ref="D20" pin="1" pinfunction="DOUT" pintype="output"/>
      <node ref="D21" pin="2" pinfunction="DIN" pintype="input"/>
    </net>
    <net code="57" name="Net-(D21-Pad1)">
      <node ref="D21" pin="1" pinfunction="DOUT" pintype="output"/>
      <node ref="D22" pin="2" pinfunction="DIN" pintype="input"/>
    </net>
    <net code="58" name="Net-(D22-Pad1)">
      <node ref="D22" pin="1" pinfunction="DOUT" pintype="output"/>
      <node ref="D23" pin="2" pinfunction="DIN" pintype="input"/>
    </net>
    <net code="59" name="Net-(D23-Pad1)">
      <node ref="D23" pin="1" pinfunction="DOUT" pintype="output"/>
      <node ref="D24" pin="2" pinfunction="DIN" pintype="input"/>
    </net>
    <net code="60" name="Net-(D24-Pad1)">
      <node ref="D24" pin="1" pinfunction="DOUT" pintype="output"/>
      <node ref="D25" pin="2" pinfunction="DIN" pintype="input"/>
    </net>
    <net code="61" name="Net-(R6-Pad1)">
      <node ref="R6" pin="1" pintype="passive"/>
      <node ref="U3" pin="5" pinfunction="DIR" pintype="input"/>
    </net>
    <net code="62" name="Net-(R9-Pad1)">
      <node ref="R9" pin="1" pintype="passive"/>
      <node ref="U6" pin="3" pinfunction="EN" pintype="input"/>
    </net>
    <net code="63" name="unconnected-(D1-Pad4)">
      <node ref="D1" pin="4" pinfunction="NC" pintype="no_connect"/>
    </net>
    <net code="64" name="unconnected-(D2-Pad4)">
      <node ref="D2" pin="4" pinfunction="NC" pintype="no_connect"/>
    </net>
    <net code="65" name="unconnected-(D3-Pad4)">
      <node ref="D3" pin="4" pinfunction="NC" pintype="no_connect"/>
    </net>
    <net code="66" name="unconnected-(D4-Pad4)">
      <node ref="D4" pin="4" pinfunction="NC" pintype="no_connect"/>
    </net>
    <net code="67" name="unconnected-(D5-Pad4)">
      <node ref="D5" pin="4" pinfunction="NC" pintype="no_connect"/>
    </net>
    <net code="68" name="unconnected-(D6-Pad4)">
      <node ref="D6" pin="4" pinfunction="NC" pintype="no_connect"/>
    </net>
    <net code="69" name="unconnected-(D7-Pad4)">
      <node ref="D7" pin="4" pinfunction="NC" pintype="no_connect"/>
    </net>
    <net code="70" name="unconnected-(D8-Pad4)">
      <node ref="D8" pin="4" pinfunction="NC" pintype="no_connect"/>
    </net>
    <net code="71" name="unconnected-(D9-Pad4)">
      <node ref="D9" pin="4" pinfunction="NC" pintype="no_connect"/>
    </net>
    <net code="72" name="unconnected-(D10-Pad4)">
      <node ref="D10" pin="4" pinfunction="NC" pintype="no_connect"/>
    </net>
    <net code="73" name="unconnected-(D11-Pad4)">
      <node ref="D11" pin="4" pinfunction="NC" pintype="no_connect"/>
    </net>
    <net code="74" name="unconnected-(D12-Pad4)">
      <node ref="D12" pin="4" pinfunction="NC" pintype="no_connect"/>
    </net>
    <net code="75" name="unconnected-(D13-Pad4)">
      <node ref="D13" pin="4" pinfunction="NC" pintype="no_connect"/>
    </net>
    <net code="76" name="unconnected-(D14-Pad4)">
      <node ref="D14" pin="4" pinfunction="NC" pintype="no_connect"/>
    </net>
    <net code="77" name="unconnected-(D15-Pad4)">
      <node ref="D15" pin="4" pinfunction="NC" pintype="no_connect"/>
    </net>
    <net code="78" name="unconnected-(D16-Pad4)">
      <node ref="D16" pin="4" pinfunction="NC" pintype="no_connect"/>
    </net>
    <net code="79" name="unconnected-(D17-Pad4)">
      <node ref="D17" pin="4" pinfunction="NC" pintype="no_connect"/>
    </net>
    <net code="80" name="unconnected-(D18-Pad4)">
      <node ref="D18" pin="4" pinfunction="NC" pintype="no_connect"/>
    </net>
    <net code="81" name="unconnected-(D19-Pad4)">
      <node ref="D19" pin="4" pinfunction="NC" pintype="no_connect"/>
    </net>
    <net code="82" name="unconnected-(D20-Pad4)">
      <node ref="D20" pin="4" pinfunction="NC" pintype="no_connect"/>
    </net>
    <net code="83" name="unconnected-(D21-Pad4)">
      <node ref="D21" pin="4" pinfunction="NC" pintype="no_connect"/>
    </net>
    <net code="84" name="unconnected-(D22-Pad4)">
      <node ref="D22" pin="4" pinfunction="NC" pintype="no_connect"/>
    </net>
    <net code="85" name="unconnected-(D23-Pad4)">
      <node ref="D23" pin="4" pinfunction="NC" pintype="no_connect"/>
    </net>
    <net code="86" name="unconnected-(D24-Pad4)">
      <node ref="D24" pin="4" pinfunction="NC" pintype="no_connect"/>
    </net>
    <net code="87" name="unconnected-(D25-Pad1)">
      <node ref="D25" pin="1" pinfunction="DOUT" pintype="output+no_connect"/>
    </net>
    <net code="88" name="unconnected-(D25-Pad4)">
      <node ref="D25" pin="4" pinfunction="NC" pintype="no_connect"/>
    </net>
    <net code="89" name="unconnected-(J4-Pad1)">
      <node ref="J4" pin="1" pinfunction="VBUS" pintype="power_out+no_connect"/>
    </net>
    <net code="90" name="unconnected-(J4-Pad4)">
      <node ref="J4" pin="4" pinfunction="ID" pintype="passive+no_connect"/>
    </net>
    <net code="91" name="unconnected-(U1-Pad12)">
      <node ref="U1" pin="12" pinfunction="GPIO9" pintype="bidirectional+no_connect"/>
    </net>
    <net code="92" name="unconnected-(U1-Pad13)">
      <node ref="U1" pin="13" pinfunction="GPIO10" pintype="bidirectional+no_connect"/>
    </net>
    <net code="93" name="unconnected-(U1-Pad14)">
      <node ref="U1" pin="14" pinfunction="GPIO11" pintype="bidirectional+no_connect"/>
    </net>
    <net code="94" name="unconnected-(U1-Pad15)">
      <node ref="U1" pin="15" pinfunction="GPIO12" pintype="bidirectional+no_connect"/>
    </net>
    <net code="95" name="unconnected-(U1-Pad16)">
      <node ref="U1" pin="16" pinfunction="GPIO13" pintype="bidirectional+no_connect"/>
    </net>
    <net code="96" name="unconnected-(U1-Pad17)">
      <node ref="U1" pin="17" pinfunction="GPIO14" pintype="bidirectional+no_connect"/>
    </net>
    <net code="97" name="unconnected-(U1-Pad18)">
      <node ref="U1" pin="18" pinfunction="GPIO15" pintype="bidirectional+no_connect"/>
    </net>
    <net code="98" name="unconnected-(U1-Pad28)">
      <node ref="U1" pin="28" pinfunction="GPIO17" pintype="bidirectional+no_connect"/>
    </net>
    <net code="99" name="unconnected-(U1-Pad29)">
      <node ref="U1" pin="29" pinfunction="GPIO18" pintype="bidirectional+no_connect"/>
    </net>
    <net code="100" name="unconnected-(U1-Pad30)">
      <node ref="U1" pin="30" pinfunction="GPIO19" pintype="bidirectional+no_connect"/>
    </net>
    <net code="101" name="unconnected-(U1-Pad31)">
      <node ref="U1" pin="31" pinfunction="GPIO20" pintype="bidirectional+no_connect"/>
    </net>
    <net code="102" name="unconnected-(U1-Pad32)">
      <node ref="U1" pin="32" pinfunction="GPIO21" pintype="bidirectional+no_connect"/>
    </net>
    <net code="103" name="unconnected-(U1-Pad34)">
      <node ref="U1" pin="34" pinfunction="GPIO22" pintype="bidirectional+no_connect"/>
    </net>
    <net code="104" name="unconnected-(U1-Pad35)">
      <node ref="U1" pin="35" pinfunction="GPIO23" pintype="bidirectional+no_connect"/>
    </net>
    <net code="105" name="unconnected-(U1-Pad36)">
      <node ref="U1" pin="36" pinfunction="GPIO24" pintype="bidirectional+no_connect"/>
    </net>
    <net code="106" name="unconnected-(U1-Pad37)">
      <node ref="U1" pin="37" pinfunction="GPIO25" pintype="bidirectional+no_connect"/>
    </net>
    <net code="107" name="unconnected-(U1-Pad40)">
      <node ref="U1" pin="40" pinfunction="GPIO28_ADC2" pintype="bidirectional+no_connect"/>
    </net>
    <net code="108" name="unconnected-(U1-Pad41)">
      <node ref="U1" pin="41" pinfunction="GPIO29_ADC3" pintype="bidirectional+no_connect"/>
    </net>
    <net code="109" name="unconnected-(U2-Pad2)">
      <node ref="U2" pin="2" pinfunction="ASDx" pintype="bidirectional+no_connect"/>
    </net>
    <net code="110" name="unconnected-(U2-Pad3)">
      <node ref="U2" pin="3" pinfunction="ASCx" pintype="bidirectional+no_connect"/>
    </net>
    <net code="111" name="unconnected-(U2-Pad10)">
      <node ref="U2" pin="10" pinfunction="OCSB" pintype="input+no_connect"/>
    </net>
    <net code="112" name="unconnected-(U2-Pad11)">
      <node ref="U2" pin="11" pinfunction="OSDO" pintype="output+no_connect"/>
    </net>
  </nets>
</export>
