"Source:","C:\Users\jhorw\OneDrive\Documents\Projects\DIY Reflow Oven\control_board\control_board.kicad_sch"
"Date:","4/23/2023 5:13:51 PM"
"Tool:","Eeschema (6.0.5)"
"Generator:","C:\Program Files\KiCad\6.0\bin\scripting\plugins/bom_csv_grouped_by_value.py"
"Component Count:","77"

"Individual Components:"

"Item","Qty","Reference(s)","Value","LibPart","Footprint","Datasheet","Hardware Guide"
"","","BT1","PRT13851","Device:Battery_Cell","Battery:BatteryHolder_Keystone_2468_2xAAA","~",""
"","","C1","100n","Device:C","Capacitor_SMD:C_0603_1608Metric_Pad1.08x0.95mm_HandSolder","~",""
"","","C2","100n","Device:C","Capacitor_SMD:C_0603_1608Metric_Pad1.08x0.95mm_HandSolder","~",""
"","","C3","100n","Device:C","Capacitor_SMD:C_0603_1608Metric_Pad1.08x0.95mm_HandSolder","~",""
"","","C4","100n","Device:C","Capacitor_SMD:C_0603_1608Metric_Pad1.08x0.95mm_HandSolder","~",""
"","","C5","100n","Device:C","Capacitor_SMD:C_0603_1608Metric_Pad1.08x0.95mm_HandSolder","~",""
"","","C6","100n","Device:C","Capacitor_SMD:C_0603_1608Metric_Pad1.08x0.95mm_HandSolder","~",""
"","","C7","100n","Device:C","Capacitor_SMD:C_0603_1608Metric_Pad1.08x0.95mm_HandSolder","~",""
"","","C8","100n","Device:C","Capacitor_SMD:C_0603_1608Metric_Pad1.08x0.95mm_HandSolder","~",""
"","","C9","100n","Device:C","Capacitor_SMD:C_0603_1608Metric_Pad1.08x0.95mm_HandSolder","~",""
"","","C10","1u","Device:C","Capacitor_SMD:C_0603_1608Metric_Pad1.08x0.95mm_HandSolder","~",""
"","","C11","1u","Device:C","Capacitor_SMD:C_0603_1608Metric_Pad1.08x0.95mm_HandSolder","~",""
"","","C12","27p","Device:C","Capacitor_SMD:C_0603_1608Metric_Pad1.08x0.95mm_HandSolder","~",""
"","","C13","27p","Device:C","Capacitor_SMD:C_0603_1608Metric_Pad1.08x0.95mm_HandSolder","~",""
"","","C14","0.1u","Device:C","Capacitor_SMD:C_0603_1608Metric_Pad1.08x0.95mm_HandSolder","~",""
"","","C15","100nF","Device:C","Capacitor_SMD:C_0603_1608Metric_Pad1.08x0.95mm_HandSolder","~",""
"","","C16","100nF","Device:C","Capacitor_SMD:C_0603_1608Metric_Pad1.08x0.95mm_HandSolder","~",""
"","","C17","0.1u","Device:C","Capacitor_SMD:C_0603_1608Metric_Pad1.08x0.95mm_HandSolder","~",""
"","","C18","10u","Device:C","Capacitor_SMD:C_0603_1608Metric_Pad1.08x0.95mm_HandSolder","~",""
"","","C19","10u","Device:C","Capacitor_SMD:C_0603_1608Metric_Pad1.08x0.95mm_HandSolder","~",""
"","","C20","10u","Device:C","Capacitor_SMD:C_0603_1608Metric_Pad1.08x0.95mm_HandSolder","~",""
"","","C21","10uF","Device:C","Capacitor_SMD:C_0603_1608Metric_Pad1.08x0.95mm_HandSolder","~",""
"","","C22","10uF","Device:C","Capacitor_SMD:C_0603_1608Metric_Pad1.08x0.95mm_HandSolder","~",""
"","","D1","WS2812","LED:WS2812","LED_SMD:LED_WS2812_PLCC6_5.0x5.0mm_P1.6mm","https://cdn-shop.adafruit.com/datasheets/WS2812.pdf",""
"","","D2","WS2812","LED:WS2812","LED_SMD:LED_WS2812_PLCC6_5.0x5.0mm_P1.6mm","https://cdn-shop.adafruit.com/datasheets/WS2812.pdf",""
"","","D3","WS2812","LED:WS2812","LED_SMD:LED_WS2812_PLCC6_5.0x5.0mm_P1.6mm","https://cdn-shop.adafruit.com/datasheets/WS2812.pdf",""
"","","D4","WS2812","LED:WS2812","LED_SMD:LED_WS2812_PLCC6_5.0x5.0mm_P1.6mm","https://cdn-shop.adafruit.com/datasheets/WS2812.pdf",""
"","","D5","WS2812","LED:WS2812","LED_SMD:LED_WS2812_PLCC6_5.0x5.0mm_P1.6mm","https://cdn-shop.adafruit.com/datasheets/WS2812.pdf",""
"","","D6","WS2812","LED:WS2812","LED_SMD:LED_WS2812_PLCC6_5.0x5.0mm_P1.6mm","https://cdn-shop.adafruit.com/datasheets/WS2812.pdf",""
"","","D7","WS2812","LED:WS2812","LED_SMD:LED_WS2812_PLCC6_5.0x5.0mm_P1.6mm","https://cdn-shop.adafruit.com/datasheets/WS2812.pdf",""
"","","D8","WS2812","LED:WS2812","LED_SMD:LED_WS2812_PLCC6_5.0x5.0mm_P1.6mm","https://cdn-shop.adafruit.com/datasheets/WS2812.pdf",""
"","","D9","WS2812","LED:WS2812","LED_SMD:LED_WS2812_PLCC6_5.0x5.0mm_P1.6mm","https://cdn-shop.adafruit.com/datasheets/WS2812.pdf",""
"","","D10","WS2812","LED:WS2812","LED_SMD:LED_WS2812_PLCC6_5.0x5.0mm_P1.6mm","https://cdn-shop.adafruit.com/datasheets/WS2812.pdf",""
"","","D11","WS2812","LED:WS2812","LED_SMD:LED_WS2812_PLCC6_5.0x5.0mm_P1.6mm","https://cdn-shop.adafruit.com/datasheets/WS2812.pdf",""
"","","D12","WS2812","LED:WS2812","LED_SMD:LED_WS2812_PLCC6_5.0x5.0mm_P1.6mm","https://cdn-shop.adafruit.com/datasheets/WS2812.pdf",""
"","","D13","WS2812","LED:WS2812","LED_SMD:LED_WS2812_PLCC6_5.0x5.0mm_P1.6mm","https://cdn-shop.adafruit.com/datasheets/WS2812.pdf",""
"","","D14","WS2812","LED:WS2812","LED_SMD:LED_WS2812_PLCC6_5.0x5.0mm_P1.6mm","https://cdn-shop.adafruit.com/datasheets/WS2812.pdf",""
"","","D15","WS2812","LED:WS2812","LED_SMD:LED_WS2812_PLCC6_5.0x5.0mm_P1.6mm","https://cdn-shop.adafruit.com/datasheets/WS2812.pdf",""
"","","D16","WS2812","LED:WS2812","LED_SMD:LED_WS2812_PLCC6_5.0x5.0mm_P1.6mm","https://cdn-shop.adafruit.com/datasheets/WS2812.pdf",""
"","","D17","WS2812","LED:WS2812","LED_SMD:LED_WS2812_PLCC6_5.0x5.0mm_P1.6mm","https://cdn-shop.adafruit.com/datasheets/WS2812.pdf",""
"","","D18","WS2812","LED:WS2812","LED_SMD:LED_WS2812_PLCC6_5.0x5.0mm_P1.6mm","https://cdn-shop.adafruit.com/datasheets/WS2812.pdf",""
"","","D19","WS2812","LED:WS2812","LED_SMD:LED_WS2812_PLCC6_5.0x5.0mm_P1.6mm","https://cdn-shop.adafruit.com/datasheets/WS2812.pdf",""
"","","D20","WS2812","LED:WS2812","LED_SMD:LED_WS2812_PLCC6_5.0x5.0mm_P1.6mm","https://cdn-shop.adafruit.com/datasheets/WS2812.pdf",""
"","","D21","WS2812","LED:WS2812","LED_SMD:LED_WS2812_PLCC6_5.0x5.0mm_P1.6mm","https://cdn-shop.adafruit.com/datasheets/WS2812.pdf",""
"","","D22","WS2812","LED:WS2812","LED_SMD:LED_WS2812_PLCC6_5.0x5.0mm_P1.6mm","https://cdn-shop.adafruit.com/datasheets/WS2812.pdf",""
"","","D23","WS2812","LED:WS2812","LED_SMD:LED_WS2812_PLCC6_5.0x5.0mm_P1.6mm","https://cdn-shop.adafruit.com/datasheets/WS2812.pdf",""
"","","D24","WS2812","LED:WS2812","LED_SMD:LED_WS2812_PLCC6_5.0x5.0mm_P1.6mm","https://cdn-shop.adafruit.com/datasheets/WS2812.pdf",""
"","","D25","WS2812","LED:WS2812","LED_SMD:LED_WS2812_PLCC6_5.0x5.0mm_P1.6mm","https://cdn-shop.adafruit.com/datasheets/WS2812.pdf",""
"","","D26","D","Device:D","Diode_SMD:D_0603_1608Metric_Pad1.05x0.95mm_HandSolder","~",""
"","","D27","D","Device:D","Diode_SMD:D_0603_1608Metric_Pad1.05x0.95mm_HandSolder","~",""
"","","H1","MountingHole","Mechanical:MountingHole","MountingHole:MountingHole_2.1mm","~",""
"","","H2","MountingHole","Mechanical:MountingHole","MountingHole:MountingHole_2.1mm","~",""
"","","H3","MountingHole","Mechanical:MountingHole","MountingHole:MountingHole_2.1mm","~",""
"","","H4","MountingHole","Mechanical:MountingHole","MountingHole:MountingHole_2.1mm","~",""
"","","J1","Conn_01x06","Connector_Generic:Conn_01x06","Connector_PinHeader_2.54mm:PinHeader_1x06_P2.54mm_Vertical","~",""
"","","J2","Conn_01x04","Connector_Generic:Conn_01x04","Connector_PinHeader_2.54mm:PinHeader_1x04_P2.54mm_Vertical","~",""
"","","J3","SWD","Connector_Generic:Conn_01x03","Connector_PinHeader_2.54mm:PinHeader_1x03_P2.54mm_Vertical","~",""
"","","J4","USB_B_Micro","Connector:USB_B_Micro","Connectors:Amphenol_MicroB_10118193","https://www.digikey.com/en/products/detail/amphenol-cs-fci/10118193-0001LF/2785388",""
"","","J5","Conn_01x02","Connector_Generic:Conn_01x02","Connector_PinHeader_2.54mm:PinHeader_1x02_P2.54mm_Vertical","~",""
"","","L1","2.2uH","Device:L","Buttons:Inductor_NRS5024T2R2NMGJ","~",""
"","","R1","27.4","Device:R","Resistor_SMD:R_0805_2012Metric_Pad1.20x1.40mm_HandSolder","~",""
"","","R2","27.4","Device:R","Resistor_SMD:R_0805_2012Metric_Pad1.20x1.40mm_HandSolder","~",""
"","","R3","1k","Device:R","Resistor_SMD:R_0805_2012Metric_Pad1.20x1.40mm_HandSolder","~",""
"","","R4","10k","Device:R","Resistor_SMD:R_0805_2012Metric_Pad1.20x1.40mm_HandSolder","~",""
"","","R5","10k","Device:R","Resistor_SMD:R_0805_2012Metric_Pad1.20x1.40mm_HandSolder","~",""
"","","R6","10k","Device:R","Resistor_SMD:R_0805_2012Metric_Pad1.20x1.40mm_HandSolder","~",""
"","","R7","10k","Device:R","Resistor_SMD:R_0805_2012Metric_Pad1.20x1.40mm_HandSolder","~",""
"","","R8","1k","Device:R","Resistor_SMD:R_0805_2012Metric_Pad1.20x1.40mm_HandSolder","~",""
"","","R9","10k","Device:R","Resistor_SMD:R_0805_2012Metric_Pad1.20x1.40mm_HandSolder","~",""
"","","SW1","BOOTSEL","Switch:SW_DIP_x01","Buttons:PTS636 6.0x3.5 Button","~",""
"","","U1","RP2040","Raspberry Pi:RP2040","Raspberry Pi:QFN-56_EP_7.75x7.75_Pitch0.4mm","https://datasheets.raspberrypi.com/rp2040/rp2040-datasheet.pdf","https://datasheets.raspberrypi.com/rp2040/hardware-design-with-rp2040.pdf"
"","","U2","BMI270","Inertial Measurement Units (IMU):BMI270","Package_LGA:Bosch_LGA-14_3x2.5mm_P0.5mm","",""
"","","U3","SN74LVC1T45DRL","Logic_LevelTranslator:SN74LVC1T45DRL","Package_TO_SOT_SMD:SOT-563","http://www.ti.com/lit/ds/symlink/sn74lvc1t45.pdf",""
"","","U4","AZ1117-3.3","Regulator_Linear:AZ1117-3.3","Package_TO_SOT_SMD:SOT-89-3_Handsoldering","https://www.diodes.com/assets/Datasheets/AZ1117.pdf",""
"","","U5","W25Q128JVS","Memory_Flash:W25Q128JVS","Package_SO:SOIC-8_5.23x5.23mm_P1.27mm","https://www.digikey.com/en/products/detail/winbond-electronics/W25Q128JVSIM-TR/6819722",""
"","","U6","RP402N","JFHPower:RP402N","Package_TO_SOT_SMD:SOT-23-5_HandSoldering","https://www.nisshinbo-microdevices.co.jp/en/pdf/datasheet/rp402-ea.pdf",""
"","","Y1","Crystal","Device:Crystal","Crystal:Crystal_SMD_HC49-SD_HandSoldering","https://www.digikey.com/en/products/detail/abracon-llc/ABLS2-12-000MHZ-D4Y-T/2001236",""



"Collated Components:"

"Item","Qty","Reference(s)","Value","LibPart","Footprint","Datasheet","Hardware Guide"
"1","1","BT1","PRT13851","Device:Battery_Cell","Battery:BatteryHolder_Keystone_2468_2xAAA","~",""
"2","9","C1, C2, C3, C4, C5, C6, C7, C8, C9","100n","Device:C","Capacitor_SMD:C_0603_1608Metric_Pad1.08x0.95mm_HandSolder","~",""
"3","2","C10, C11","1u","Device:C","Capacitor_SMD:C_0603_1608Metric_Pad1.08x0.95mm_HandSolder","~",""
"4","2","C12, C13","27p","Device:C","Capacitor_SMD:C_0603_1608Metric_Pad1.08x0.95mm_HandSolder","~",""
"5","2","C14, C17","0.1u","Device:C","Capacitor_SMD:C_0603_1608Metric_Pad1.08x0.95mm_HandSolder","~",""
"6","2","C15, C16","100nF","Device:C","Capacitor_SMD:C_0603_1608Metric_Pad1.08x0.95mm_HandSolder","~",""
"7","3","C18, C19, C20","10u","Device:C","Capacitor_SMD:C_0603_1608Metric_Pad1.08x0.95mm_HandSolder","~",""
"8","2","C21, C22","10uF","Device:C","Capacitor_SMD:C_0603_1608Metric_Pad1.08x0.95mm_HandSolder","~",""
"9","25","D1, D2, D3, D4, D5, D6, D7, D8, D9, D10, D11, D12, D13, D14, D15, D16, D17, D18, D19, D20, D21, D22, D23, D24, D25","WS2812","LED:WS2812","LED_SMD:LED_WS2812_PLCC6_5.0x5.0mm_P1.6mm","https://cdn-shop.adafruit.com/datasheets/WS2812.pdf",""
"10","2","D26, D27","D","Device:D","Diode_SMD:D_0603_1608Metric_Pad1.05x0.95mm_HandSolder","~",""
"11","4","H1, H2, H3, H4","MountingHole","Mechanical:MountingHole","MountingHole:MountingHole_2.1mm","~",""
"12","1","J1","Conn_01x06","Connector_Generic:Conn_01x06","Connector_PinHeader_2.54mm:PinHeader_1x06_P2.54mm_Vertical","~",""
"13","1","J2","Conn_01x04","Connector_Generic:Conn_01x04","Connector_PinHeader_2.54mm:PinHeader_1x04_P2.54mm_Vertical","~",""
"14","1","J3","SWD","Connector_Generic:Conn_01x03","Connector_PinHeader_2.54mm:PinHeader_1x03_P2.54mm_Vertical","~",""
"15","1","J4","USB_B_Micro","Connector:USB_B_Micro","Connectors:Amphenol_MicroB_10118193","https://www.digikey.com/en/products/detail/amphenol-cs-fci/10118193-0001LF/2785388",""
"16","1","J5","Conn_01x02","Connector_Generic:Conn_01x02","Connector_PinHeader_2.54mm:PinHeader_1x02_P2.54mm_Vertical","~",""
"17","1","L1","2.2uH","Device:L","Buttons:Inductor_NRS5024T2R2NMGJ","~",""
"18","2","R1, R2","27.4","Device:R","Resistor_SMD:R_0805_2012Metric_Pad1.20x1.40mm_HandSolder","~",""
"19","2","R3, R8","1k","Device:R","Resistor_SMD:R_0805_2012Metric_Pad1.20x1.40mm_HandSolder","~",""
"20","5","R4, R5, R6, R7, R9","10k","Device:R","Resistor_SMD:R_0805_2012Metric_Pad1.20x1.40mm_HandSolder","~",""
"21","1","SW1","BOOTSEL","Switch:SW_DIP_x01","Buttons:PTS636 6.0x3.5 Button","~",""
"22","1","U1","RP2040","Raspberry Pi:RP2040","Raspberry Pi:QFN-56_EP_7.75x7.75_Pitch0.4mm","https://datasheets.raspberrypi.com/rp2040/rp2040-datasheet.pdf","https://datasheets.raspberrypi.com/rp2040/hardware-design-with-rp2040.pdf"
"23","1","U2","BMI270","Inertial Measurement Units (IMU):BMI270","Package_LGA:Bosch_LGA-14_3x2.5mm_P0.5mm","",""
"24","1","U3","SN74LVC1T45DRL","Logic_LevelTranslator:SN74LVC1T45DRL","Package_TO_SOT_SMD:SOT-563","http://www.ti.com/lit/ds/symlink/sn74lvc1t45.pdf",""
"25","1","U4","AZ1117-3.3","Regulator_Linear:AZ1117-3.3","Package_TO_SOT_SMD:SOT-89-3_Handsoldering","https://www.diodes.com/assets/Datasheets/AZ1117.pdf",""
"26","1","U5","W25Q128JVS","Memory_Flash:W25Q128JVS","Package_SO:SOIC-8_5.23x5.23mm_P1.27mm","https://www.digikey.com/en/products/detail/winbond-electronics/W25Q128JVSIM-TR/6819722",""
"27","1","U6","RP402N","JFHPower:RP402N","Package_TO_SOT_SMD:SOT-23-5_HandSoldering","https://www.nisshinbo-microdevices.co.jp/en/pdf/datasheet/rp402-ea.pdf",""
"28","1","Y1","Crystal","Device:Crystal","Crystal:Crystal_SMD_HC49-SD_HandSoldering","https://www.digikey.com/en/products/detail/abracon-llc/ABLS2-12-000MHZ-D4Y-T/2001236",""
